빌드 시작...
1>------ 빌드 시작: 프로젝트: VS_UI, 구성: Debug x64 ------
1>WinMain.cpp
1>H:\Source\GithubDesktop\dk_client\Client\DXLib\CDirectDrawSurface.h(1,1): warning C4819: 현재 코드 페이지(949)에서 표시할 수 없는 문자가 파일에 들어 있습니다. 데이터가 손실되지 않게 하려면 해당 파일을 유니코드 형식으로 저장하십시오.
1>H:\Source\GithubDesktop\dk_client\Client\DXLib\CDirectSound.h(1,1): warning C4819: 현재 코드 페이지(949)에서 표시할 수 없는 문자가 파일에 들어 있습니다. 데이터가 손실되지 않게 하려면 해당 파일을 유니코드 형식으로 저장하십시오.
1>H:\Source\GithubDesktop\dk_client\Client\DXLib\CDirectSoundStream.h(1,1): warning C4819: 현재 코드 페이지(949)에서 표시할 수 없는 문자가 파일에 들어 있습니다. 데이터가 손실되지 않게 하려면 해당 파일을 유니코드 형식으로 저장하십시오.
1>H:\Source\GithubDesktop\dk_client\Client\DXLib\CDirectMusic.h(1,1): warning C4819: 현재 코드 페이지(949)에서 표시할 수 없는 문자가 파일에 들어 있습니다. 데이터가 손실되지 않게 하려면 해당 파일을 유니코드 형식으로 저장하십시오.
1>H:\Source\GithubDesktop\dk_client\Client\DXLib\CDirectMusic.h(28,2): warning C4091: 'typedef ': 변수를 선언하지 않으면 'DIRECTMUSIC_TYPE' 왼쪽은 무시됩니다.
1>H:\Source\GithubDesktop\dk_client\Client\DXLib\CDirectInput.h(1,1): warning C4819: 현재 코드 페이지(949)에서 표시할 수 없는 문자가 파일에 들어 있습니다. 데이터가 손실되지 않게 하려면 해당 파일을 유니코드 형식으로 저장하십시오.
1>H:\Source\GithubDesktop\dk_client\basic\GL_import.h(1,1): warning C4819: 현재 코드 페이지(949)에서 표시할 수 없는 문자가 파일에 들어 있습니다. 데이터가 손실되지 않게 하려면 해당 파일을 유니코드 형식으로 저장하십시오.
1>H:\Source\GithubDesktop\dk_client\VS_UI\src\hangul\CI.h(1,1): warning C4819: 현재 코드 페이지(949)에서 표시할 수 없는 문자가 파일에 들어 있습니다. 데이터가 손실되지 않게 하려면 해당 파일을 유니코드 형식으로 저장하십시오.
1>H:\Source\GithubDesktop\dk_client\VS_UI\src\widget\u_window.h(505,37): warning C4267: 'return': 'size_t'에서 'int'(으)로 변환하면서 데이터가 손실될 수 있습니다.
1>H:\Source\GithubDesktop\dk_client\Client\SpriteLib\CSpriteSurface.h(1,1): warning C4819: 현재 코드 페이지(949)에서 표시할 수 없는 문자가 파일에 들어 있습니다. 데이터가 손실되지 않게 하려면 해당 파일을 유니코드 형식으로 저장하십시오.
1>H:\Source\GithubDesktop\dk_client\Client\SpriteLib\CSpriteSurface.h(50,1): warning C4005: 'SPRITESURFACE_STANDALONE': 매크로 재정의
1>H:\Source\GithubDesktop\dk_client\VS_UI\WinMain.cpp : message : 'SPRITESURFACE_STANDALONE'의 이전 정의를 참조하십시오.
1>H:\Source\GithubDesktop\dk_client\Client\SpriteLib\CSpriteSetManager.h(1,1): warning C4819: 현재 코드 페이지(949)에서 표시할 수 없는 문자가 파일에 들어 있습니다. 데이터가 손실되지 않게 하려면 해당 파일을 유니코드 형식으로 저장하십시오.
1>H:\Source\GithubDesktop\dk_client\Client\SpriteLib\CSetManager.h(1,1): warning C4819: 현재 코드 페이지(949)에서 표시할 수 없는 문자가 파일에 들어 있습니다. 데이터가 손실되지 않게 하려면 해당 파일을 유니코드 형식으로 저장하십시오.
1>H:\Source\GithubDesktop\dk_client\Client\COrderedList.h(1,1): warning C4819: 현재 코드 페이지(949)에서 표시할 수 없는 문자가 파일에 들어 있습니다. 데이터가 손실되지 않게 하려면 해당 파일을 유니코드 형식으로 저장하십시오.
1>H:\Source\GithubDesktop\dk_client\Client\SpriteLib\CAlphaSpritePal.h(1,1): warning C4819: 현재 코드 페이지(949)에서 표시할 수 없는 문자가 파일에 들어 있습니다. 데이터가 손실되지 않게 하려면 해당 파일을 유니코드 형식으로 저장하십시오.
1>H:\Source\GithubDesktop\dk_client\Client\SpriteLib\CSpritePack.h(1,1): warning C4819: 현재 코드 페이지(949)에서 표시할 수 없는 문자가 파일에 들어 있습니다. 데이터가 손실되지 않게 하려면 해당 파일을 유니코드 형식으로 저장하십시오.
1>H:\Source\GithubDesktop\dk_client\Client\SpriteLib\CSprite555.h(1,1): warning C4819: 현재 코드 페이지(949)에서 표시할 수 없는 문자가 파일에 들어 있습니다. 데이터가 손실되지 않게 하려면 해당 파일을 유니코드 형식으로 저장하십시오.
1>H:\Source\GithubDesktop\dk_client\Client\SpriteLib\CSprite555.h(16,14): warning C4091: '': 변수를 선언하지 않으면 'std::basic_ofstream<char,std::char_traits<char>>' 왼쪽은 무시됩니다.
1>H:\Source\GithubDesktop\dk_client\Client\SpriteLib\CSprite555.h(17,14): warning C4091: '': 변수를 선언하지 않으면 'std::basic_ifstream<char,std::char_traits<char>>' 왼쪽은 무시됩니다.
1>H:\Source\GithubDesktop\dk_client\Client\SpriteLib\CSpriteSurface.h(1,1): warning C4819: 현재 코드 페이지(949)에서 표시할 수 없는 문자가 파일에 들어 있습니다. 데이터가 손실되지 않게 하려면 해당 파일을 유니코드 형식으로 저장하십시오.
1>H:\Source\GithubDesktop\dk_client\Client\SpriteLib\CSpriteDef.h(1,1): warning C4819: 현재 코드 페이지(949)에서 표시할 수 없는 문자가 파일에 들어 있습니다. 데이터가 손실되지 않게 하려면 해당 파일을 유니코드 형식으로 저장하십시오.
1>H:\Source\GithubDesktop\dk_client\Client\SpriteLib\TArray.h(1,1): warning C4819: 현재 코드 페이지(949)에서 표시할 수 없는 문자가 파일에 들어 있습니다. 데이터가 손실되지 않게 하려면 해당 파일을 유니코드 형식으로 저장하십시오.
1>H:\Source\GithubDesktop\dk_client\Client\SpriteLib\CSpriteDef.h(14,14): warning C4091: '': 변수를 선언하지 않으면 'std::basic_ifstream<char,std::char_traits<char>>' 왼쪽은 무시됩니다.
1>H:\Source\GithubDesktop\dk_client\Client\SpriteLib\CSpriteDef.h(15,14): warning C4091: '': 변수를 선언하지 않으면 'std::basic_ofstream<char,std::char_traits<char>>' 왼쪽은 무시됩니다.
1>H:\Source\GithubDesktop\dk_client\Client\SpriteLib\CSprite.h(29,14): warning C4091: '': 변수를 선언하지 않으면 'std::basic_ofstream<char,std::char_traits<char>>' 왼쪽은 무시됩니다.
1>H:\Source\GithubDesktop\dk_client\Client\SpriteLib\CSprite.h(30,14): warning C4091: '': 변수를 선언하지 않으면 'std::basic_ifstream<char,std::char_traits<char>>' 왼쪽은 무시됩니다.
1>H:\Source\GithubDesktop\dk_client\Client\SpriteLib\CSprite565.h(1,1): warning C4819: 현재 코드 페이지(949)에서 표시할 수 없는 문자가 파일에 들어 있습니다. 데이터가 손실되지 않게 하려면 해당 파일을 유니코드 형식으로 저장하십시오.
1>H:\Source\GithubDesktop\dk_client\Client\SpriteLib\CSprite565.h(16,14): warning C4091: '': 변수를 선언하지 않으면 'std::basic_ofstream<char,std::char_traits<char>>' 왼쪽은 무시됩니다.
1>H:\Source\GithubDesktop\dk_client\Client\SpriteLib\CSprite565.h(17,14): warning C4091: '': 변수를 선언하지 않으면 'std::basic_ifstream<char,std::char_traits<char>>' 왼쪽은 무시됩니다.
1>H:\Source\GithubDesktop\dk_client\Client\SpriteLib\CIndexSpritePack.h(1,1): warning C4819: 현재 코드 페이지(949)에서 표시할 수 없는 문자가 파일에 들어 있습니다. 데이터가 손실되지 않게 하려면 해당 파일을 유니코드 형식으로 저장하십시오.
1>H:\Source\GithubDesktop\dk_client\Client\SpriteLib\CIndexSprite555.h(1,1): warning C4819: 현재 코드 페이지(949)에서 표시할 수 없는 문자가 파일에 들어 있습니다. 데이터가 손실되지 않게 하려면 해당 파일을 유니코드 형식으로 저장하십시오.
1>H:\Source\GithubDesktop\dk_client\Client\SpriteLib\CIndexSprite555.h(16,14): warning C4091: '': 변수를 선언하지 않으면 'std::basic_ofstream<char,std::char_traits<char>>' 왼쪽은 무시됩니다.
1>H:\Source\GithubDesktop\dk_client\Client\SpriteLib\CIndexSprite555.h(17,14): warning C4091: '': 변수를 선언하지 않으면 'std::basic_ifstream<char,std::char_traits<char>>' 왼쪽은 무시됩니다.
1>H:\Source\GithubDesktop\dk_client\Client\SpriteLib\CIndexSprite.h(1,1): warning C4819: 현재 코드 페이지(949)에서 표시할 수 없는 문자가 파일에 들어 있습니다. 데이터가 손실되지 않게 하려면 해당 파일을 유니코드 형식으로 저장하십시오.
1>H:\Source\GithubDesktop\dk_client\Client\SpriteLib\CIndexSprite565.h(1,1): warning C4819: 현재 코드 페이지(949)에서 표시할 수 없는 문자가 파일에 들어 있습니다. 데이터가 손실되지 않게 하려면 해당 파일을 유니코드 형식으로 저장하십시오.
1>H:\Source\GithubDesktop\dk_client\Client\SpriteLib\CIndexSprite565.h(16,14): warning C4091: '': 변수를 선언하지 않으면 'std::basic_ofstream<char,std::char_traits<char>>' 왼쪽은 무시됩니다.
1>H:\Source\GithubDesktop\dk_client\Client\SpriteLib\CIndexSprite565.h(17,14): warning C4091: '': 변수를 선언하지 않으면 'std::basic_ifstream<char,std::char_traits<char>>' 왼쪽은 무시됩니다.
1>H:\Source\GithubDesktop\dk_client\Client\SpriteLib\CFilter.h(21,14): warning C4091: '': 변수를 선언하지 않으면 'std::basic_ifstream<char,std::char_traits<char>>' 왼쪽은 무시됩니다.
1>H:\Source\GithubDesktop\dk_client\Client\SpriteLib\CFilter.h(22,14): warning C4091: '': 변수를 선언하지 않으면 'std::basic_ofstream<char,std::char_traits<char>>' 왼쪽은 무시됩니다.
1>H:\Source\GithubDesktop\dk_client\Client\SpriteLib\CFileIndexTable.h(1,1): warning C4819: 현재 코드 페이지(949)에서 표시할 수 없는 문자가 파일에 들어 있습니다. 데이터가 손실되지 않게 하려면 해당 파일을 유니코드 형식으로 저장하십시오.
1>H:\Source\GithubDesktop\dk_client\Client\SpriteLib\CStorageSurface.h(1,1): warning C4819: 현재 코드 페이지(949)에서 표시할 수 없는 문자가 파일에 들어 있습니다. 데이터가 손실되지 않게 하려면 해당 파일을 유니코드 형식으로 저장하십시오.
1>H:\Source\GithubDesktop\dk_client\Client\SpriteLib\CSpriteSurface.h(1,1): warning C4819: 현재 코드 페이지(949)에서 표시할 수 없는 문자가 파일에 들어 있습니다. 데이터가 손실되지 않게 하려면 해당 파일을 유니코드 형식으로 저장하십시오.
1>H:\Source\GithubDesktop\dk_client\basic\Directory.h(1,1): warning C4819: 현재 코드 페이지(949)에서 표시할 수 없는 문자가 파일에 들어 있습니다. 데이터가 손실되지 않게 하려면 해당 파일을 유니코드 형식으로 저장하십시오.
1>H:\Source\GithubDesktop\dk_client\VS_UI\src\header\VS_UI_Util.h(1,1): warning C4819: 현재 코드 페이지(949)에서 표시할 수 없는 문자가 파일에 들어 있습니다. 데이터가 손실되지 않게 하려면 해당 파일을 유니코드 형식으로 저장하십시오.
1>H:\Source\GithubDesktop\dk_client\Client\framelib/FR.h(1,1): warning C4819: 현재 코드 페이지(949)에서 표시할 수 없는 문자가 파일에 들어 있습니다. 데이터가 손실되지 않게 하려면 해당 파일을 유니코드 형식으로 저장하십시오.
1>H:\Source\GithubDesktop\dk_client\Client\framelib\CFrame.h(1,1): warning C4819: 현재 코드 페이지(949)에서 표시할 수 없는 문자가 파일에 들어 있습니다. 데이터가 손실되지 않게 하려면 해당 파일을 유니코드 형식으로 저장하십시오.
1>H:\Source\GithubDesktop\dk_client\Client\framelib\TArray.h(1,1): warning C4819: 현재 코드 페이지(949)에서 표시할 수 없는 문자가 파일에 들어 있습니다. 데이터가 손실되지 않게 하려면 해당 파일을 유니코드 형식으로 저장하십시오.
1>H:\Source\GithubDesktop\dk_client\Client\framelib\CFramePack.h(1,1): warning C4819: 현재 코드 페이지(949)에서 표시할 수 없는 문자가 파일에 들어 있습니다. 데이터가 손실되지 않게 하려면 해당 파일을 유니코드 형식으로 저장하십시오.
1>H:\Source\GithubDesktop\dk_client\Client\framelib\CAnimationFrameSetManager.h(1,1): warning C4819: 현재 코드 페이지(949)에서 표시할 수 없는 문자가 파일에 들어 있습니다. 데이터가 손실되지 않게 하려면 해당 파일을 유니코드 형식으로 저장하십시오.
1>H:\Source\GithubDesktop\dk_client\Client\framelib\CFrameSetManager.h(1,1): warning C4819: 현재 코드 페이지(949)에서 표시할 수 없는 문자가 파일에 들어 있습니다. 데이터가 손실되지 않게 하려면 해당 파일을 유니코드 형식으로 저장하십시오.
1>H:\Source\GithubDesktop\dk_client\Client\framelib\CCreatureFrameSetManager.h(1,1): warning C4819: 현재 코드 페이지(949)에서 표시할 수 없는 문자가 파일에 들어 있습니다. 데이터가 손실되지 않게 하려면 해당 파일을 유니코드 형식으로 저장하십시오.
1>H:\Source\GithubDesktop\dk_client\Client\framelib\CFrameSet.h(1,1): warning C4819: 현재 코드 페이지(949)에서 표시할 수 없는 문자가 파일에 들어 있습니다. 데이터가 손실되지 않게 하려면 해당 파일을 유니코드 형식으로 저장하십시오.
1>H:\Source\GithubDesktop\dk_client\Client\framelib\CAnimationFrame.h(1,1): warning C4819: 현재 코드 페이지(949)에서 표시할 수 없는 문자가 파일에 들어 있습니다. 데이터가 손실되지 않게 하려면 해당 파일을 유니코드 형식으로 저장하십시오.
1>H:\Source\GithubDesktop\dk_client\Client\SpriteLib/CSpritePack.h(1,1): warning C4819: 현재 코드 페이지(949)에서 표시할 수 없는 문자가 파일에 들어 있습니다. 데이터가 손실되지 않게 하려면 해당 파일을 유니코드 형식으로 저장하십시오.
1>H:\Source\GithubDesktop\dk_client\Client\SpriteLib/CIndexSpritePack.h(1,1): warning C4819: 현재 코드 페이지(949)에서 표시할 수 없는 문자가 파일에 들어 있습니다. 데이터가 손실되지 않게 하려면 해당 파일을 유니코드 형식으로 저장하십시오.
1>H:\Source\GithubDesktop\dk_client\VS_UI\src\header\VS_UI_Descriptor.h(1,1): warning C4819: 현재 코드 페이지(949)에서 표시할 수 없는 문자가 파일에 들어 있습니다. 데이터가 손실되지 않게 하려면 해당 파일을 유니코드 형식으로 저장하십시오.
1>H:\Source\GithubDesktop\dk_client\VS_UI\src\header\VS_UI_ExtraDialog.h(1,1): warning C4819: 현재 코드 페이지(949)에서 표시할 수 없는 문자가 파일에 들어 있습니다. 데이터가 손실되지 않게 하려면 해당 파일을 유니코드 형식으로 저장하십시오.
1>H:\Source\GithubDesktop\dk_client\VS_UI\src\header\VS_UI_Widget.h(1,1): warning C4819: 현재 코드 페이지(949)에서 표시할 수 없는 문자가 파일에 들어 있습니다. 데이터가 손실되지 않게 하려면 해당 파일을 유니코드 형식으로 저장하십시오.
1>C:\Program Files (x86)\Windows Kits\10\Include\10.0.28000.0\um\dinput.h: DIRECTINPUT_VERSION undefined. Defaulting to version 0x0800
1>H:\Source\GithubDesktop\dk_client\VS_UI\src\Imm\ImmEffect.h(66,46): warning C4838: 'unsigned int'에서 'LONG'(으)로의 변환에는 축소 변환이 필요합니다.
1>H:\Source\GithubDesktop\dk_client\VS_UI\src\Imm\ImmEffect.h(66,58): warning C4838: 'unsigned int'에서 'LONG'(으)로의 변환에는 축소 변환이 필요합니다.
1>H:\Source\GithubDesktop\dk_client\VS_UI\src\Imm\ImmEffect.h(165,34): warning C4312: '형식 캐스트': 'unsigned int'에서 더 큰 'LPFEELIT_ENVELOPE'(으)로의 변환입니다.
1>H:\Source\GithubDesktop\dk_client\VS_UI\src\Imm\ImmEffect.h(179,34): warning C4312: '형식 캐스트': 'unsigned int'에서 더 큰 'LPFEELIT_ENVELOPE'(으)로의 변환입니다.
1>H:\Source\GithubDesktop\dk_client\VS_UI\src\Imm\ImmEnclosure.h(126,35): warning C4312: '형식 캐스트': 'unsigned int'에서 더 큰 'CImmEffect *'(으)로의 변환입니다.
1>H:\Source\GithubDesktop\dk_client\VS_UI\src\Imm\ImmEnclosure.h(141,35): warning C4312: '형식 캐스트': 'unsigned int'에서 더 큰 'CImmEffect *'(으)로의 변환입니다.
1>H:\Source\GithubDesktop\dk_client\VS_UI\src\Imm\ImmBox.h(109,35): warning C4312: '형식 캐스트': 'unsigned int'에서 더 큰 'CImmEffect *'(으)로의 변환입니다.
1>H:\Source\GithubDesktop\dk_client\VS_UI\src\Imm\ImmBox.h(117,35): warning C4312: '형식 캐스트': 'unsigned int'에서 더 큰 'CImmEffect *'(으)로의 변환입니다.
1>H:\Source\GithubDesktop\dk_client\VS_UI\src\Imm\ImmConstant.h(108,34): warning C4312: '형식 캐스트': 'unsigned int'에서 더 큰 'LPFEELIT_ENVELOPE'(으)로의 변환입니다.
1>H:\Source\GithubDesktop\dk_client\VS_UI\src\Imm\ImmConstant.h(116,34): warning C4312: '형식 캐스트': 'unsigned int'에서 더 큰 'LPFEELIT_ENVELOPE'(으)로의 변환입니다.
1>H:\Source\GithubDesktop\dk_client\VS_UI\src\Imm\ImmEllipse.h(123,35): warning C4312: '형식 캐스트': 'unsigned int'에서 더 큰 'CImmEffect *'(으)로의 변환입니다.
1>H:\Source\GithubDesktop\dk_client\VS_UI\src\Imm\ImmEllipse.h(135,35): warning C4312: '형식 캐스트': 'unsigned int'에서 더 큰 'CImmEffect *'(으)로의 변환입니다.
1>H:\Source\GithubDesktop\dk_client\VS_UI\src\Imm\ImmPeriodic.h(126,34): warning C4312: '형식 캐스트': 'unsigned int'에서 더 큰 'LPFEELIT_ENVELOPE'(으)로의 변환입니다.
1>H:\Source\GithubDesktop\dk_client\VS_UI\src\Imm\ImmPeriodic.h(137,34): warning C4312: '형식 캐스트': 'unsigned int'에서 더 큰 'LPFEELIT_ENVELOPE'(으)로의 변환입니다.
1>H:\Source\GithubDesktop\dk_client\VS_UI\src\Imm\ImmRamp.h(110,34): warning C4312: '형식 캐스트': 'unsigned int'에서 더 큰 'LPFEELIT_ENVELOPE'(으)로의 변환입니다.
1>H:\Source\GithubDesktop\dk_client\VS_UI\src\Imm\ImmRamp.h(119,34): warning C4312: '형식 캐스트': 'unsigned int'에서 더 큰 'LPFEELIT_ENVELOPE'(으)로의 변환입니다.
1>H:\Source\GithubDesktop\dk_client\Client\MItem.h(1,1): warning C4819: 현재 코드 페이지(949)에서 표시할 수 없는 문자가 파일에 들어 있습니다. 데이터가 손실되지 않게 하려면 해당 파일을 유니코드 형식으로 저장하십시오.
1>H:\Source\GithubDesktop\dk_client\Client\MObject.h(1,1): warning C4819: 현재 코드 페이지(949)에서 표시할 수 없는 문자가 파일에 들어 있습니다. 데이터가 손실되지 않게 하려면 해당 파일을 유니코드 형식으로 저장하십시오.
1>H:\Source\GithubDesktop\dk_client\Client\Packet/Exception.h(1,1): warning C4819: 현재 코드 페이지(949)에서 표시할 수 없는 문자가 파일에 들어 있습니다. 데이터가 손실되지 않게 하려면 해당 파일을 유니코드 형식으로 저장하십시오.
1>H:\Source\GithubDesktop\dk_client\Client\Packet\types/PlayerTypes.h(1,1): warning C4819: 현재 코드 페이지(949)에서 표시할 수 없는 문자가 파일에 들어 있습니다. 데이터가 손실되지 않게 하려면 해당 파일을 유니코드 형식으로 저장하십시오.
1>H:\Source\GithubDesktop\dk_client\Client\Packet\types/CreatureTypes.h(1,1): warning C4819: 현재 코드 페이지(949)에서 표시할 수 없는 문자가 파일에 들어 있습니다. 데이터가 손실되지 않게 하려면 해당 파일을 유니코드 형식으로 저장하십시오.
1>H:\Source\GithubDesktop\dk_client\Client\Packet\types\ModifyDef.h(1,1): warning C4819: 현재 코드 페이지(949)에서 표시할 수 없는 문자가 파일에 들어 있습니다. 데이터가 손실되지 않게 하려면 해당 파일을 유니코드 형식으로 저장하십시오.
1>H:\Source\GithubDesktop\dk_client\Client\Packet\types/ItemTypes.h(1,1): warning C4819: 현재 코드 페이지(949)에서 표시할 수 없는 문자가 파일에 들어 있습니다. 데이터가 손실되지 않게 하려면 해당 파일을 유니코드 형식으로 저장하십시오.
1>H:\Source\GithubDesktop\dk_client\Client\Packet\types/ZoneTypes.h(1,1): warning C4819: 현재 코드 페이지(949)에서 표시할 수 없는 문자가 파일에 들어 있습니다. 데이터가 손실되지 않게 하려면 해당 파일을 유니코드 형식으로 저장하십시오.
1>H:\Source\GithubDesktop\dk_client\Client\Packet\types/ShopTypes.h(1,1): warning C4819: 현재 코드 페이지(949)에서 표시할 수 없는 문자가 파일에 들어 있습니다. 데이터가 손실되지 않게 하려면 해당 파일을 유니코드 형식으로 저장하십시오.
1>H:\Source\GithubDesktop\dk_client\Client\Packet\types/GuildTypes.h(1,1): warning C4819: 현재 코드 페이지(949)에서 표시할 수 없는 문자가 파일에 들어 있습니다. 데이터가 손실되지 않게 하려면 해당 파일을 유니코드 형식으로 저장하십시오.
1>H:\Source\GithubDesktop\dk_client\Client\MTypeDef.h(1,1): warning C4819: 현재 코드 페이지(949)에서 표시할 수 없는 문자가 파일에 들어 있습니다. 데이터가 손실되지 않게 하려면 해당 파일을 유니코드 형식으로 저장하십시오.
1>H:\Source\GithubDesktop\dk_client\Client\MITemTable.h(1,1): warning C4819: 현재 코드 페이지(949)에서 표시할 수 없는 문자가 파일에 들어 있습니다. 데이터가 손실되지 않게 하려면 해당 파일을 유니코드 형식으로 저장하십시오.
1>H:\Source\GithubDesktop\dk_client\Client\CTypeTable.h(1,1): warning C4819: 현재 코드 페이지(949)에서 표시할 수 없는 문자가 파일에 들어 있습니다. 데이터가 손실되지 않게 하려면 해당 파일을 유니코드 형식으로 저장하십시오.
1>H:\Source\GithubDesktop\dk_client\Client\SoundDef.h(1,1): warning C4819: 현재 코드 페이지(949)에서 표시할 수 없는 문자가 파일에 들어 있습니다. 데이터가 손실되지 않게 하려면 해당 파일을 유니코드 형식으로 저장하십시오.
1>H:\Source\GithubDesktop\dk_client\Client\MGridItemManager.h(1,1): warning C4819: 현재 코드 페이지(949)에서 표시할 수 없는 문자가 파일에 들어 있습니다. 데이터가 손실되지 않게 하려면 해당 파일을 유니코드 형식으로 저장하십시오.
1>H:\Source\GithubDesktop\dk_client\Client\MItemManager.h(1,1): warning C4819: 현재 코드 페이지(949)에서 표시할 수 없는 문자가 파일에 들어 있습니다. 데이터가 손실되지 않게 하려면 해당 파일을 유니코드 형식으로 저장하십시오.
1>H:\Source\GithubDesktop\dk_client\Client\MItemManager.h(52,24): warning C4267: 'return': 'size_t'에서 'int'(으)로 변환하면서 데이터가 손실될 수 있습니다.
1>H:\Source\GithubDesktop\dk_client\Client\MSlotItemManager.h(1,1): warning C4819: 현재 코드 페이지(949)에서 표시할 수 없는 문자가 파일에 들어 있습니다. 데이터가 손실되지 않게 하려면 해당 파일을 유니코드 형식으로 저장하십시오.
1>H:\Source\GithubDesktop\dk_client\Client\ItemClassDef.h(1,1): warning C4819: 현재 코드 페이지(949)에서 표시할 수 없는 문자가 파일에 들어 있습니다. 데이터가 손실되지 않게 하려면 해당 파일을 유니코드 형식으로 저장하십시오.
1>H:\Source\GithubDesktop\dk_client\Client\MItem.h(169,49): warning C4267: 'return': 'size_t'에서 'int'(으)로 변환하면서 데이터가 손실될 수 있습니다.
1>H:\Source\GithubDesktop\dk_client\Client\MItem.h(174,49): warning C4267: 'return': 'size_t'에서 'int'(으)로 변환하면서 데이터가 손실될 수 있습니다.
1>H:\Source\GithubDesktop\dk_client\Client\MItem.h(757,1): warning C4819: 현재 코드 페이지(949)에서 표시할 수 없는 문자가 파일에 들어 있습니다. 데이터가 손실되지 않게 하려면 해당 파일을 유니코드 형식으로 저장하십시오.
1>H:\Source\GithubDesktop\dk_client\Client\MItem.h(1690,1): warning C4819: 현재 코드 페이지(949)에서 표시할 수 없는 문자가 파일에 들어 있습니다. 데이터가 손실되지 않게 하려면 해당 파일을 유니코드 형식으로 저장하십시오.
1>H:\Source\GithubDesktop\dk_client\Client\MItem.h(2631,1): warning C4819: 현재 코드 페이지(949)에서 표시할 수 없는 문자가 파일에 들어 있습니다. 데이터가 손실되지 않게 하려면 해당 파일을 유니코드 형식으로 저장하십시오.
1>H:\Source\GithubDesktop\dk_client\VS_UI\src\header\VS_UI_DESC.h(1,1): warning C4819: 현재 코드 페이지(949)에서 표시할 수 없는 문자가 파일에 들어 있습니다. 데이터가 손실되지 않게 하려면 해당 파일을 유니코드 형식으로 저장하십시오.
1>H:\Source\GithubDesktop\dk_client\VS_UI\src\header\../../RarFile.h(1,1): warning C4819: 현재 코드 페이지(949)에서 표시할 수 없는 문자가 파일에 들어 있습니다. 데이터가 손실되지 않게 하려면 해당 파일을 유니코드 형식으로 저장하십시오.
1>H:\Source\GithubDesktop\dk_client\VS_UI\src\header\VS_UI_DESC.h(90,25): warning C4267: 'return': 'size_t'에서 'int'(으)로 변환하면서 데이터가 손실될 수 있습니다.
1>H:\Source\GithubDesktop\dk_client\VS_UI\src\header\VS_UI_DESC.h(91,25): warning C4267: 'return': 'size_t'에서 'int'(으)로 변환하면서 데이터가 손실될 수 있습니다.
1>H:\Source\GithubDesktop\dk_client\VS_UI\src\header\VS_UI_DESC.h(1,1): warning C4819: 현재 코드 페이지(949)에서 표시할 수 없는 문자가 파일에 들어 있습니다. 데이터가 손실되지 않게 하려면 해당 파일을 유니코드 형식으로 저장하십시오.
1>H:\Source\GithubDesktop\dk_client\Client\SkillDef.h(1,1): warning C4819: 현재 코드 페이지(949)에서 표시할 수 없는 문자가 파일에 들어 있습니다. 데이터가 손실되지 않게 하려면 해당 파일을 유니코드 형식으로 저장하십시오.
1>H:\Source\GithubDesktop\dk_client\Client\SkillDef.h(831,1): warning C4819: 현재 코드 페이지(949)에서 표시할 수 없는 문자가 파일에 들어 있습니다. 데이터가 손실되지 않게 하려면 해당 파일을 유니코드 형식으로 저장하십시오.
1>H:\Source\GithubDesktop\dk_client\Client\SkillDef.h(1610,1): warning C4819: 현재 코드 페이지(949)에서 표시할 수 없는 문자가 파일에 들어 있습니다. 데이터가 손실되지 않게 하려면 해당 파일을 유니코드 형식으로 저장하십시오.
1>H:\Source\GithubDesktop\dk_client\Client\MMoneyManager.h(1,1): warning C4819: 현재 코드 페이지(949)에서 표시할 수 없는 문자가 파일에 들어 있습니다. 데이터가 손실되지 않게 하려면 해당 파일을 유니코드 형식으로 저장하십시오.
1>H:\Source\GithubDesktop\dk_client\Client\MSkillManager.h(1,1): warning C4819: 현재 코드 페이지(949)에서 표시할 수 없는 문자가 파일에 들어 있습니다. 데이터가 손실되지 않게 하려면 해당 파일을 유니코드 형식으로 저장하십시오.
1>H:\Source\GithubDesktop\dk_client\Client\ExpInfo.h(1,1): warning C4819: 현재 코드 페이지(949)에서 표시할 수 없는 문자가 파일에 들어 있습니다. 데이터가 손실되지 않게 하려면 해당 파일을 유니코드 형식으로 저장하십시오.
1>H:\Source\GithubDesktop\dk_client\Client\MSkillManager.h(515,27): warning C4267: 'return': 'size_t'에서 'int'(으)로 변환하면서 데이터가 손실될 수 있습니다.
1>H:\Source\GithubDesktop\dk_client\Client\ClientFunction.h(1,1): warning C4819: 현재 코드 페이지(949)에서 표시할 수 없는 문자가 파일에 들어 있습니다. 데이터가 손실되지 않게 하려면 해당 파일을 유니코드 형식으로 저장하십시오.
1>H:\Source\GithubDesktop\dk_client\Client\MZone.h(1,1): warning C4819: 현재 코드 페이지(949)에서 표시할 수 없는 문자가 파일에 들어 있습니다. 데이터가 손실되지 않게 하려면 해당 파일을 유니코드 형식으로 저장하십시오.
1>H:\Source\GithubDesktop\dk_client\Client\MSector.h(1,1): warning C4819: 현재 코드 페이지(949)에서 표시할 수 없는 문자가 파일에 들어 있습니다. 데이터가 손실되지 않게 하려면 해당 파일을 유니코드 형식으로 저장하십시오.
1>H:\Source\GithubDesktop\dk_client\Client\SectorSoundInfo.h(1,1): warning C4819: 현재 코드 페이지(949)에서 표시할 수 없는 문자가 파일에 들어 있습니다. 데이터가 손실되지 않게 하려면 해당 파일을 유니코드 형식으로 저장하십시오.
1>H:\Source\GithubDesktop\dk_client\Client\MSector.h(334,32): warning C4267: 'return': 'size_t'에서 'int'(으)로 변환하면서 데이터가 손실될 수 있습니다.
1>H:\Source\GithubDesktop\dk_client\Client\MSector.h(394,35): warning C4267: 'return': 'size_t'에서 'int'(으)로 변환하면서 데이터가 손실될 수 있습니다.
1>H:\Source\GithubDesktop\dk_client\Client\MSector.h(405,42): warning C4267: 'return': 'size_t'에서 'int'(으)로 변환하면서 데이터가 손실될 수 있습니다.
1>H:\Source\GithubDesktop\dk_client\Client\MHelicopterManager.h(1,1): warning C4819: 현재 코드 페이지(949)에서 표시할 수 없는 문자가 파일에 들어 있습니다. 데이터가 손실되지 않게 하려면 해당 파일을 유니코드 형식으로 저장하십시오.
1>H:\Source\GithubDesktop\dk_client\Client\CTypeMap2.h(1,1): warning C4819: 현재 코드 페이지(949)에서 표시할 수 없는 문자가 파일에 들어 있습니다. 데이터가 손실되지 않게 하려면 해당 파일을 유니코드 형식으로 저장하십시오.
1>H:\Source\GithubDesktop\dk_client\Client\CPositionList.h(1,1): warning C4819: 현재 코드 페이지(949)에서 표시할 수 없는 문자가 파일에 들어 있습니다. 데이터가 손실되지 않게 하려면 해당 파일을 유니코드 형식으로 저장하십시오.
1>H:\Source\GithubDesktop\dk_client\Client\ZoneFileHeader.h(1,1): warning C4819: 현재 코드 페이지(949)에서 표시할 수 없는 문자가 파일에 들어 있습니다. 데이터가 손실되지 않게 하려면 해당 파일을 유니코드 형식으로 저장하십시오.
1>H:\Source\GithubDesktop\dk_client\Client\MZoneDef.h(1,1): warning C4819: 현재 코드 페이지(949)에서 표시할 수 없는 문자가 파일에 들어 있습니다. 데이터가 손실되지 않게 하려면 해당 파일을 유니코드 형식으로 저장하십시오.
1>H:\Source\GithubDesktop\dk_client\Client\SoundNode.h(1,1): warning C4819: 현재 코드 페이지(949)에서 표시할 수 없는 문자가 파일에 들어 있습니다. 데이터가 손실되지 않게 하려면 해당 파일을 유니코드 형식으로 저장하십시오.
1>H:\Source\GithubDesktop\dk_client\Client\MZone.h(165,36): warning C4267: 'return': 'size_t'에서 'int'(으)로 변환하면서 데이터가 손실될 수 있습니다.
1>H:\Source\GithubDesktop\dk_client\Client\MZone.h(233,32): warning C4267: 'return': 'size_t'에서 'int'(으)로 변환하면서 데이터가 손실될 수 있습니다.
1>H:\Source\GithubDesktop\dk_client\Client\MZone.h(275,29): warning C4267: 'return': 'size_t'에서 'int'(으)로 변환하면서 데이터가 손실될 수 있습니다.
1>H:\Source\GithubDesktop\dk_client\Client\MZone.h(288,35): warning C4267: 'return': 'size_t'에서 'int'(으)로 변환하면서 데이터가 손실될 수 있습니다.
1>H:\Source\GithubDesktop\dk_client\Client\MZone.h(366,40): warning C4267: 'return': 'size_t'에서 'int'(으)로 변환하면서 데이터가 손실될 수 있습니다.
1>H:\Source\GithubDesktop\dk_client\VS_UI\src\header\VS_UI_GameCommon.h(394,3): warning C4996: 'strcpy': This function or variable may be unsafe. Consider using strcpy_s instead. To disable deprecation, use _CRT_SECURE_NO_WARNINGS. See online help for details.
1>H:\Source\GithubDesktop\dk_client\VS_UI\src\header\VS_UI_GameCommon.h(736,23): warning C4267: 'return': 'size_t'에서 'int'(으)로 변환하면서 데이터가 손실될 수 있습니다.
1>H:\Source\GithubDesktop\dk_client\Client\MSlayergear.h(1,1): warning C4819: 현재 코드 페이지(949)에서 표시할 수 없는 문자가 파일에 들어 있습니다. 데이터가 손실되지 않게 하려면 해당 파일을 유니코드 형식으로 저장하십시오.
1>H:\Source\GithubDesktop\dk_client\Client\MPlayerGear.h(1,1): warning C4819: 현재 코드 페이지(949)에서 표시할 수 없는 문자가 파일에 들어 있습니다. 데이터가 손실되지 않게 하려면 해당 파일을 유니코드 형식으로 저장하십시오.
1>H:\Source\GithubDesktop\dk_client\Client\MVampireGear.h(1,1): warning C4819: 현재 코드 페이지(949)에서 표시할 수 없는 문자가 파일에 들어 있습니다. 데이터가 손실되지 않게 하려면 해당 파일을 유니코드 형식으로 저장하십시오.
1>H:\Source\GithubDesktop\dk_client\Client\MOustersGear.h(1,1): warning C4819: 현재 코드 페이지(949)에서 표시할 수 없는 문자가 파일에 들어 있습니다. 데이터가 손실되지 않게 하려면 해당 파일을 유니코드 형식으로 저장하십시오.
1>H:\Source\GithubDesktop\dk_client\Client\MShop.h(1,1): warning C4819: 현재 코드 페이지(949)에서 표시할 수 없는 문자가 파일에 들어 있습니다. 데이터가 손실되지 않게 하려면 해당 파일을 유니코드 형식으로 저장하십시오.
1>H:\Source\GithubDesktop\dk_client\Client\MShopShelf.h(1,1): warning C4819: 현재 코드 페이지(949)에서 표시할 수 없는 문자가 파일에 들어 있습니다. 데이터가 손실되지 않게 하려면 해당 파일을 유니코드 형식으로 저장하십시오.
1>H:\Source\GithubDesktop\dk_client\Client\MStorage.h(1,1): warning C4819: 현재 코드 페이지(949)에서 표시할 수 없는 문자가 파일에 들어 있습니다. 데이터가 손실되지 않게 하려면 해당 파일을 유니코드 형식으로 저장하십시오.
1>H:\Source\GithubDesktop\dk_client\Client\MTradeManager.h(1,1): warning C4819: 현재 코드 페이지(949)에서 표시할 수 없는 문자가 파일에 들어 있습니다. 데이터가 손실되지 않게 하려면 해당 파일을 유니코드 형식으로 저장하십시오.
1>H:\Source\GithubDesktop\dk_client\Client\MInventory.h(1,1): warning C4819: 현재 코드 페이지(949)에서 표시할 수 없는 문자가 파일에 들어 있습니다. 데이터가 손실되지 않게 하려면 해당 파일을 유니코드 형식으로 저장하십시오.
1>H:\Source\GithubDesktop\dk_client\VS_UI\src\header\VS_UI_Tutorial.h(1,1): warning C4819: 현재 코드 페이지(949)에서 표시할 수 없는 문자가 파일에 들어 있습니다. 데이터가 손실되지 않게 하려면 해당 파일을 유니코드 형식으로 저장하십시오.
1>H:\Source\GithubDesktop\dk_client\VS_UI\src\header\VS_UI_DESC.h(1,1): warning C4819: 현재 코드 페이지(949)에서 표시할 수 없는 문자가 파일에 들어 있습니다. 데이터가 손실되지 않게 하려면 해당 파일을 유니코드 형식으로 저장하십시오.
1>H:\Source\GithubDesktop\dk_client\Client\MQuickSlot.h(1,1): warning C4819: 현재 코드 페이지(949)에서 표시할 수 없는 문자가 파일에 들어 있습니다. 데이터가 손실되지 않게 하려면 해당 파일을 유니코드 형식으로 저장하십시오.
1>H:\Source\GithubDesktop\dk_client\Client\ProfileManager.h(1,1): warning C4819: 현재 코드 페이지(949)에서 표시할 수 없는 문자가 파일에 들어 있습니다. 데이터가 손실되지 않게 하려면 해당 파일을 유니코드 형식으로 저장하십시오.
1>H:\Source\GithubDesktop\dk_client\Client\MItemOptionTable.h(1,1): warning C4819: 현재 코드 페이지(949)에서 표시할 수 없는 문자가 파일에 들어 있습니다. 데이터가 손실되지 않게 하려면 해당 파일을 유니코드 형식으로 저장하십시오.
1>H:\Source\GithubDesktop\dk_client\Client\ExperienceTable.h(1,1): warning C4819: 현재 코드 페이지(949)에서 표시할 수 없는 문자가 파일에 들어 있습니다. 데이터가 손실되지 않게 하려면 해당 파일을 유니코드 형식으로 저장하십시오.
1>H:\Source\GithubDesktop\dk_client\Client\MPriceManager.h(1,1): warning C4819: 현재 코드 페이지(949)에서 표시할 수 없는 문자가 파일에 들어 있습니다. 데이터가 손실되지 않게 하려면 해당 파일을 유니코드 형식으로 저장하십시오.
1>H:\Source\GithubDesktop\dk_client\Client\MSortedItemManager.h(1,1): warning C4819: 현재 코드 페이지(949)에서 표시할 수 없는 문자가 파일에 들어 있습니다. 데이터가 손실되지 않게 하려면 해당 파일을 유니코드 형식으로 저장하십시오.
1>H:\Source\GithubDesktop\dk_client\Client\UserOption.h(1,1): warning C4819: 현재 코드 페이지(949)에서 표시할 수 없는 문자가 파일에 들어 있습니다. 데이터가 손실되지 않게 하려면 해당 파일을 유니코드 형식으로 저장하십시오.
1>H:\Source\GithubDesktop\dk_client\Client\MCreatureTable.h(1,1): warning C4819: 현재 코드 페이지(949)에서 표시할 수 없는 문자가 파일에 들어 있습니다. 데이터가 손실되지 않게 하려면 해당 파일을 유니코드 형식으로 저장하십시오.
1>H:\Source\GithubDesktop\dk_client\Client\ClientConfig.h(1,1): warning C4819: 현재 코드 페이지(949)에서 표시할 수 없는 문자가 파일에 들어 있습니다. 데이터가 손실되지 않게 하려면 해당 파일을 유니코드 형식으로 저장하십시오.
1>H:\Source\GithubDesktop\dk_client\VS_UI\src\header\VS_UI_filepath.h(1,1): warning C4819: 현재 코드 페이지(949)에서 표시할 수 없는 문자가 파일에 들어 있습니다. 데이터가 손실되지 않게 하려면 해당 파일을 유니코드 형식으로 저장하십시오.
1>H:\Source\GithubDesktop\dk_client\Client\MNPCTable.h(1,1): warning C4819: 현재 코드 페이지(949)에서 표시할 수 없는 문자가 파일에 들어 있습니다. 데이터가 손실되지 않게 하려면 해당 파일을 유니코드 형식으로 저장하십시오.
1>H:\Source\GithubDesktop\dk_client\Client\CTypeMap.h(1,1): warning C4819: 현재 코드 페이지(949)에서 표시할 수 없는 문자가 파일에 들어 있습니다. 데이터가 손실되지 않게 하려면 해당 파일을 유니코드 형식으로 저장하십시오.
1>H:\Source\GithubDesktop\dk_client\Client\MSoundTable.h(1,1): warning C4819: 현재 코드 페이지(949)에서 표시할 수 없는 문자가 파일에 들어 있습니다. 데이터가 손실되지 않게 하려면 해당 파일을 유니코드 형식으로 저장하십시오.
1>H:\Source\GithubDesktop\dk_client\Client\CPartManager.h(1,1): warning C4819: 현재 코드 페이지(949)에서 표시할 수 없는 문자가 파일에 들어 있습니다. 데이터가 손실되지 않게 하려면 해당 파일을 유니코드 형식으로 저장하십시오.
1>H:\Source\GithubDesktop\dk_client\Client\DebugInfo.h(1,1): warning C4819: 현재 코드 페이지(949)에서 표시할 수 없는 문자가 파일에 들어 있습니다. 데이터가 손실되지 않게 하려면 해당 파일을 유니코드 형식으로 저장하십시오.
1>H:\Source\GithubDesktop\dk_client\Client\MinTr.h(1,1): warning C4819: 현재 코드 페이지(949)에서 표시할 수 없는 문자가 파일에 들어 있습니다. 데이터가 손실되지 않게 하려면 해당 파일을 유니코드 형식으로 저장하십시오.
1>H:\Source\GithubDesktop\dk_client\Client\MinTr.h(84,47): warning C4267: '=': 'size_t'에서 'DWORD'(으)로 변환하면서 데이터가 손실될 수 있습니다.
1>H:\Source\GithubDesktop\dk_client\Client\MinTr.h(108,50): warning C4267: '=': 'size_t'에서 'DWORD'(으)로 변환하면서 데이터가 손실될 수 있습니다.
1>H:\Source\GithubDesktop\dk_client\Client\MinTr.h(135,2): warning C4996: 'vsprintf': This function or variable may be unsafe. Consider using vsprintf_s instead. To disable deprecation, use _CRT_SECURE_NO_WARNINGS. See online help for details.
1>H:\Source\GithubDesktop\dk_client\Client\MinTr.h(153,47): warning C4267: '=': 'size_t'에서 'DWORD'(으)로 변환하면서 데이터가 손실될 수 있습니다.
1>H:\Source\GithubDesktop\dk_client\Client\MinTr.h(176,50): warning C4267: '=': 'size_t'에서 'DWORD'(으)로 변환하면서 데이터가 손실될 수 있습니다.
1>H:\Source\GithubDesktop\dk_client\Client\MinTr.h(204,2): warning C4996: 'vsprintf': This function or variable may be unsafe. Consider using vsprintf_s instead. To disable deprecation, use _CRT_SECURE_NO_WARNINGS. See online help for details.
1>H:\Source\GithubDesktop\dk_client\Client\MinTr.h(222,47): warning C4267: '=': 'size_t'에서 'DWORD'(으)로 변환하면서 데이터가 손실될 수 있습니다.
1>H:\Source\GithubDesktop\dk_client\Client\MinTr.h(245,50): warning C4267: '=': 'size_t'에서 'DWORD'(으)로 변환하면서 데이터가 손실될 수 있습니다.
1>H:\Source\GithubDesktop\dk_client\Client\MinTr.h(272,2): warning C4996: 'vsprintf': This function or variable may be unsafe. Consider using vsprintf_s instead. To disable deprecation, use _CRT_SECURE_NO_WARNINGS. See online help for details.
1>H:\Source\GithubDesktop\dk_client\Client\MinTr.h(292,49): warning C4267: '=': 'size_t'에서 'DWORD'(으)로 변환하면서 데이터가 손실될 수 있습니다.
1>H:\Source\GithubDesktop\dk_client\Client\MinTr.h(290,3): warning C4996: 'sprintf': This function or variable may be unsafe. Consider using sprintf_s instead. To disable deprecation, use _CRT_SECURE_NO_WARNINGS. See online help for details.
1>H:\Source\GithubDesktop\dk_client\Client\MinTr.h(336,2): warning C4996: 'vsprintf': This function or variable may be unsafe. Consider using vsprintf_s instead. To disable deprecation, use _CRT_SECURE_NO_WARNINGS. See online help for details.
1>H:\Source\GithubDesktop\dk_client\Client\MinTr.h(360,49): warning C4267: '=': 'size_t'에서 'DWORD'(으)로 변환하면서 데이터가 손실될 수 있습니다.
1>H:\Source\GithubDesktop\dk_client\Client\MinTr.h(358,3): warning C4996: 'sprintf': This function or variable may be unsafe. Consider using sprintf_s instead. To disable deprecation, use _CRT_SECURE_NO_WARNINGS. See online help for details.
1>H:\Source\GithubDesktop\dk_client\Client\MinTr.h(406,2): warning C4996: 'vsprintf': This function or variable may be unsafe. Consider using vsprintf_s instead. To disable deprecation, use _CRT_SECURE_NO_WARNINGS. See online help for details.
1>H:\Source\GithubDesktop\dk_client\Client\MParty.h(1,1): warning C4819: 현재 코드 페이지(949)에서 표시할 수 없는 문자가 파일에 들어 있습니다. 데이터가 손실되지 않게 하려면 해당 파일을 유니코드 형식으로 저장하십시오.
1>H:\Source\GithubDesktop\dk_client\Client\MParty.h(75,26): warning C4267: 'return': 'size_t'에서 'int'(으)로 변환하면서 데이터가 손실될 수 있습니다.
1>H:\Source\GithubDesktop\dk_client\Client\MFunctionManager.h(1,1): warning C4819: 현재 코드 페이지(949)에서 표시할 수 없는 문자가 파일에 들어 있습니다. 데이터가 손실되지 않게 하려면 해당 파일을 유니코드 형식으로 저장하십시오.
1>H:\Source\GithubDesktop\dk_client\VS_UI\src\header\KeyAccelerator.h(1,1): warning C4819: 현재 코드 페이지(949)에서 표시할 수 없는 문자가 파일에 들어 있습니다. 데이터가 손실되지 않게 하려면 해당 파일을 유니코드 형식으로 저장하십시오.
1>H:\Source\GithubDesktop\dk_client\VS_UI\DIK_Defines.h(68,1): warning C4005: 'DIK_NUMPADSLASH': 매크로 재정의
1>C:\Program Files (x86)\Windows Kits\10\Include\10.0.28000.0\um\dinput.h(2199): message : 'DIK_NUMPADSLASH'의 이전 정의를 참조하십시오.
1>H:\Source\GithubDesktop\dk_client\VS_UI\DIK_Defines.h(69,1): warning C4005: 'DIK_NUMPADSTAR': 매크로 재정의
1>C:\Program Files (x86)\Windows Kits\10\Include\10.0.28000.0\um\dinput.h(2193): message : 'DIK_NUMPADSTAR'의 이전 정의를 참조하십시오.
1>H:\Source\GithubDesktop\dk_client\VS_UI\DIK_Defines.h(70,1): warning C4005: 'DIK_NUMPADMINUS': 매크로 재정의
1>C:\Program Files (x86)\Windows Kits\10\Include\10.0.28000.0\um\dinput.h(2196): message : 'DIK_NUMPADMINUS'의 이전 정의를 참조하십시오.
1>H:\Source\GithubDesktop\dk_client\VS_UI\DIK_Defines.h(71,1): warning C4005: 'DIK_NUMPADPLUS': 매크로 재정의
1>C:\Program Files (x86)\Windows Kits\10\Include\10.0.28000.0\um\dinput.h(2197): message : 'DIK_NUMPADPLUS'의 이전 정의를 참조하십시오.
1>H:\Source\GithubDesktop\dk_client\VS_UI\DIK_Defines.h(72,1): warning C4005: 'DIK_NUMPADPERIOD': 매크로 재정의
1>C:\Program Files (x86)\Windows Kits\10\Include\10.0.28000.0\um\dinput.h(2198): message : 'DIK_NUMPADPERIOD'의 이전 정의를 참조하십시오.
1>H:\Source\GithubDesktop\dk_client\VS_UI\DIK_Defines.h(109,1): warning C4005: 'DIK_LWIN': 매크로 재정의
1>H:\Source\GithubDesktop\dk_client\Client\DXLib\../../basic/InputCodes.h(277): message : 'DIK_LWIN'의 이전 정의를 참조하십시오.
1>H:\Source\GithubDesktop\dk_client\VS_UI\DIK_Defines.h(110,1): warning C4005: 'DIK_RWIN': 매크로 재정의
1>H:\Source\GithubDesktop\dk_client\Client\DXLib\../../basic/InputCodes.h(278): message : 'DIK_RWIN'의 이전 정의를 참조하십시오.
1>H:\Source\GithubDesktop\dk_client\VS_UI\DIK_Defines.h(111,1): warning C4005: 'DIK_APPS': 매크로 재정의
1>H:\Source\GithubDesktop\dk_client\Client\DXLib\../../basic/InputCodes.h(279): message : 'DIK_APPS'의 이전 정의를 참조하십시오.
1>H:\Source\GithubDesktop\dk_client\VS_UI\DIK_Defines.h(141,1): warning C4005: 'DIK_PAUSE': 매크로 재정의
1>C:\Program Files (x86)\Windows Kits\10\Include\10.0.28000.0\um\dinput.h(2162): message : 'DIK_PAUSE'의 이전 정의를 참조하십시오.
1>H:\Source\GithubDesktop\dk_client\VS_UI\DIK_Defines.h(144,1): warning C4005: 'DIK_SYSRQ': 매크로 재정의
1>H:\Source\GithubDesktop\dk_client\Client\DXLib\../../basic/InputCodes.h(265): message : 'DIK_SYSRQ'의 이전 정의를 참조하십시오.
1>H:\Source\GithubDesktop\dk_client\VS_UI\DIK_Defines.h(153,1): warning C4005: 'DIK_KANJI': 매크로 재정의
1>H:\Source\GithubDesktop\dk_client\Client\DXLib\../../basic/InputCodes.h(257): message : 'DIK_KANJI'의 이전 정의를 참조하십시오.
1>H:\Source\GithubDesktop\dk_client\Client\SpriteLib\CSpritePack.h(1,1): warning C4819: 현재 코드 페이지(949)에서 표시할 수 없는 문자가 파일에 들어 있습니다. 데이터가 손실되지 않게 하려면 해당 파일을 유니코드 형식으로 저장하십시오.
1>H:\Source\GithubDesktop\dk_client\Client\UserInformation.h(1,1): warning C4819: 현재 코드 페이지(949)에서 표시할 수 없는 문자가 파일에 들어 있습니다. 데이터가 손실되지 않게 하려면 해당 파일을 유니코드 형식으로 저장하십시오.
1>H:\Source\GithubDesktop\dk_client\Client\UtilityFunction.h(1,1): warning C4819: 현재 코드 페이지(949)에서 표시할 수 없는 문자가 파일에 들어 있습니다. 데이터가 손실되지 않게 하려면 해당 파일을 유니코드 형식으로 저장하십시오.
1>H:\Source\GithubDesktop\dk_client\Client\MGameStringTable.H(1,1): warning C4819: 현재 코드 페이지(949)에서 표시할 수 없는 문자가 파일에 들어 있습니다. 데이터가 손실되지 않게 하려면 해당 파일을 유니코드 형식으로 저장하십시오.
1>H:\Source\GithubDesktop\dk_client\Client\MGameStringTable.H(486,1): warning C4819: 현재 코드 페이지(949)에서 표시할 수 없는 문자가 파일에 들어 있습니다. 데이터가 손실되지 않게 하려면 해당 파일을 유니코드 형식으로 저장하십시오.
1>H:\Source\GithubDesktop\dk_client\Client\MGameStringTable.H(921,1): warning C4819: 현재 코드 페이지(949)에서 표시할 수 없는 문자가 파일에 들어 있습니다. 데이터가 손실되지 않게 하려면 해당 파일을 유니코드 형식으로 저장하십시오.
1>H:\Source\GithubDesktop\dk_client\Client\MGameStringTable.H(1315,1): warning C4819: 현재 코드 페이지(949)에서 표시할 수 없는 문자가 파일에 들어 있습니다. 데이터가 손실되지 않게 하려면 해당 파일을 유니코드 형식으로 저장하십시오.
1>H:\Source\GithubDesktop\dk_client\Client\MGameStringTable.H(1728,1): warning C4819: 현재 코드 페이지(949)에서 표시할 수 없는 문자가 파일에 들어 있습니다. 데이터가 손실되지 않게 하려면 해당 파일을 유니코드 형식으로 저장하십시오.
1>H:\Source\GithubDesktop\dk_client\Client\MTimeItemManager.h(1,1): warning C4819: 현재 코드 페이지(949)에서 표시할 수 없는 문자가 파일에 들어 있습니다. 데이터가 손실되지 않게 하려면 해당 파일을 유니코드 형식으로 저장하십시오.
1>H:\Source\GithubDesktop\dk_client\Client\MMonsterKillQuestInfo.h(1,1): warning C4819: 현재 코드 페이지(949)에서 표시할 수 없는 문자가 파일에 들어 있습니다. 데이터가 손실되지 않게 하려면 해당 파일을 유니코드 형식으로 저장하십시오.
1>H:\Source\GithubDesktop\dk_client\Client\MQuestInfo.h(1,1): warning C4819: 현재 코드 페이지(949)에서 표시할 수 없는 문자가 파일에 들어 있습니다. 데이터가 손실되지 않게 하려면 해당 파일을 유니코드 형식으로 저장하십시오.
1>H:\Source\GithubDesktop\dk_client\Client\MZoneTable.h(1,1): warning C4819: 현재 코드 페이지(949)에서 표시할 수 없는 문자가 파일에 들어 있습니다. 데이터가 손실되지 않게 하려면 해당 파일을 유니코드 형식으로 저장하십시오.
1>H:\Source\GithubDesktop\dk_client\Client\RankBonusTable.h(1,1): warning C4819: 현재 코드 페이지(949)에서 표시할 수 없는 문자가 파일에 들어 있습니다. 데이터가 손실되지 않게 하려면 해당 파일을 유니코드 형식으로 저장하십시오.
1>H:\Source\GithubDesktop\dk_client\VS_UI\../client/packet/Properties.h(1,1): warning C4819: 현재 코드 페이지(949)에서 표시할 수 없는 문자가 파일에 들어 있습니다. 데이터가 손실되지 않게 하려면 해당 파일을 유니코드 형식으로 저장하십시오.
1>H:\Source\GithubDesktop\dk_client\Client\SystemAvailabilities.h(1,1): warning C4819: 현재 코드 페이지(949)에서 표시할 수 없는 문자가 파일에 들어 있습니다. 데이터가 손실되지 않게 하려면 해당 파일을 유니코드 형식으로 저장하십시오.
1>H:\Source\GithubDesktop\dk_client\Client\ShrineInfoManager.h(1,1): warning C4819: 현재 코드 페이지(949)에서 표시할 수 없는 문자가 파일에 들어 있습니다. 데이터가 손실되지 않게 하려면 해당 파일을 유니코드 형식으로 저장하십시오.
1>H:\Source\GithubDesktop\dk_client\Client\RankBonusDef.h(1,1): warning C4819: 현재 코드 페이지(949)에서 표시할 수 없는 문자가 파일에 들어 있습니다. 데이터가 손실되지 않게 하려면 해당 파일을 유니코드 형식으로 저장하십시오.
1>H:\Source\GithubDesktop\dk_client\VS_UI\src\header\VS_UI_GameCommon2.h(1,1): warning C4819: 현재 코드 페이지(949)에서 표시할 수 없는 문자가 파일에 들어 있습니다. 데이터가 손실되지 않게 하려면 해당 파일을 유니코드 형식으로 저장하십시오.
1>H:\Source\GithubDesktop\dk_client\Client\MHelpMessageManager.h(1,1): warning C4819: 현재 코드 페이지(949)에서 표시할 수 없는 문자가 파일에 들어 있습니다. 데이터가 손실되지 않게 하려면 해당 파일을 유니코드 형식으로 저장하십시오.
1>H:\Source\GithubDesktop\dk_client\VS_UI\SXml.h(1,1): warning C4819: 현재 코드 페이지(949)에서 표시할 수 없는 문자가 파일에 들어 있습니다. 데이터가 손실되지 않게 하려면 해당 파일을 유니코드 형식으로 저장하십시오.
1>H:\Source\GithubDesktop\dk_client\VS_UI\src\header\VS_UI_GameCommon2.h(1260,1): warning C4819: 현재 코드 페이지(949)에서 표시할 수 없는 문자가 파일에 들어 있습니다. 데이터가 손실되지 않게 하려면 해당 파일을 유니코드 형식으로 저장하십시오.
1>H:\Source\GithubDesktop\dk_client\VS_UI\WinMain.cpp(1451,16): error C2039: 'ShowFPS': 'CSpriteSurface'의 멤버가 아닙니다.
1>H:\Source\GithubDesktop\dk_client\Client\UtilityFunction.h(9): message : 'CSpriteSurface' 선언을 참조하십시오.
1>H:\Source\GithubDesktop\dk_client\VS_UI\WinMain.cpp(1455,3): warning C4996: 'sprintf': This function or variable may be unsafe. Consider using sprintf_s instead. To disable deprecation, use _CRT_SECURE_NO_WARNINGS. See online help for details.
1>H:\Source\GithubDesktop\dk_client\VS_UI\WinMain.cpp(1460,3): warning C4996: 'sprintf': This function or variable may be unsafe. Consider using sprintf_s instead. To disable deprecation, use _CRT_SECURE_NO_WARNINGS. See online help for details.
1>H:\Source\GithubDesktop\dk_client\VS_UI\WinMain.cpp(1538,39): warning C4267: '초기화 중': 'size_t'에서 'int'(으)로 변환하면서 데이터가 손실될 수 있습니다.
1>H:\Source\GithubDesktop\dk_client\VS_UI\WinMain.cpp(1538,39): warning C4267: '초기화 중': 'size_t'에서 'const int'(으)로 변환하면서 데이터가 손실될 수 있습니다.
1>H:\Source\GithubDesktop\dk_client\VS_UI\WinMain.cpp(2879,57): warning C4312: '형식 캐스트': 'int'에서 더 큰 'char *'(으)로의 변환입니다.
1>H:\Source\GithubDesktop\dk_client\VS_UI\WinMain.cpp(2879,74): warning C4312: '형식 캐스트': 'int'에서 더 큰 'char *'(으)로의 변환입니다.
1>H:\Source\GithubDesktop\dk_client\VS_UI\WinMain.cpp(2892,42): warning C4312: '형식 캐스트': 'int'에서 더 큰 'char *'(으)로의 변환입니다.
1>H:\Source\GithubDesktop\dk_client\VS_UI\WinMain.cpp(2905,44): warning C4312: '형식 캐스트': 'int'에서 더 큰 'MItem *'(으)로의 변환입니다.
1>H:\Source\GithubDesktop\dk_client\VS_UI\WinMain.cpp(1563,7): warning C4996: 'strcpy': This function or variable may be unsafe. Consider using strcpy_s instead. To disable deprecation, use _CRT_SECURE_NO_WARNINGS. See online help for details.
1>H:\Source\GithubDesktop\dk_client\VS_UI\WinMain.cpp(1564,7): warning C4996: 'strcat': This function or variable may be unsafe. Consider using strcat_s instead. To disable deprecation, use _CRT_SECURE_NO_WARNINGS. See online help for details.
1>H:\Source\GithubDesktop\dk_client\VS_UI\WinMain.cpp(1565,7): warning C4996: 'strcat': This function or variable may be unsafe. Consider using strcat_s instead. To disable deprecation, use _CRT_SECURE_NO_WARNINGS. See online help for details.
1>H:\Source\GithubDesktop\dk_client\VS_UI\WinMain.cpp(1566,7): warning C4996: 'strcat': This function or variable may be unsafe. Consider using strcat_s instead. To disable deprecation, use _CRT_SECURE_NO_WARNINGS. See online help for details.
1>H:\Source\GithubDesktop\dk_client\VS_UI\WinMain.cpp(2348,5): warning C4996: 'sprintf': This function or variable may be unsafe. Consider using sprintf_s instead. To disable deprecation, use _CRT_SECURE_NO_WARNINGS. See online help for details.
1>H:\Source\GithubDesktop\dk_client\VS_UI\WinMain.cpp(3494,13): error C2039: 'Init': 'CSDLGraphics'의 멤버가 아닙니다.
1>H:\Source\GithubDesktop\dk_client\Client\DXLib\CDirectDraw.h(145): message : 'CSDLGraphics' 선언을 참조하십시오.
1>H:\Source\GithubDesktop\dk_client\VS_UI\WinMain.cpp(3523,15): error C2039: 'InitBacksurface': 'CSpriteSurface'의 멤버가 아닙니다.
1>H:\Source\GithubDesktop\dk_client\Client\UtilityFunction.h(9): message : 'CSpriteSurface' 선언을 참조하십시오.
1>ClientFunction.cpp
1>H:\Source\GithubDesktop\dk_client\Client\ClientFunction.cpp(1,1): warning C4819: 현재 코드 페이지(949)에서 표시할 수 없는 문자가 파일에 들어 있습니다. 데이터가 손실되지 않게 하려면 해당 파일을 유니코드 형식으로 저장하십시오.
1>H:\Source\GithubDesktop\dk_client\Client\Packet/Exception.h(1,1): warning C4819: 현재 코드 페이지(949)에서 표시할 수 없는 문자가 파일에 들어 있습니다. 데이터가 손실되지 않게 하려면 해당 파일을 유니코드 형식으로 저장하십시오.
1>H:\Source\GithubDesktop\dk_client\Client\Packet\types/PlayerTypes.h(1,1): warning C4819: 현재 코드 페이지(949)에서 표시할 수 없는 문자가 파일에 들어 있습니다. 데이터가 손실되지 않게 하려면 해당 파일을 유니코드 형식으로 저장하십시오.
1>H:\Source\GithubDesktop\dk_client\Client\Packet\types/CreatureTypes.h(1,1): warning C4819: 현재 코드 페이지(949)에서 표시할 수 없는 문자가 파일에 들어 있습니다. 데이터가 손실되지 않게 하려면 해당 파일을 유니코드 형식으로 저장하십시오.
1>H:\Source\GithubDesktop\dk_client\Client\Packet\types\ModifyDef.h(1,1): warning C4819: 현재 코드 페이지(949)에서 표시할 수 없는 문자가 파일에 들어 있습니다. 데이터가 손실되지 않게 하려면 해당 파일을 유니코드 형식으로 저장하십시오.
1>H:\Source\GithubDesktop\dk_client\Client\Packet\types/ItemTypes.h(1,1): warning C4819: 현재 코드 페이지(949)에서 표시할 수 없는 문자가 파일에 들어 있습니다. 데이터가 손실되지 않게 하려면 해당 파일을 유니코드 형식으로 저장하십시오.
1>H:\Source\GithubDesktop\dk_client\Client\Packet\types/ZoneTypes.h(1,1): warning C4819: 현재 코드 페이지(949)에서 표시할 수 없는 문자가 파일에 들어 있습니다. 데이터가 손실되지 않게 하려면 해당 파일을 유니코드 형식으로 저장하십시오.
1>H:\Source\GithubDesktop\dk_client\Client\Packet\types/ShopTypes.h(1,1): warning C4819: 현재 코드 페이지(949)에서 표시할 수 없는 문자가 파일에 들어 있습니다. 데이터가 손실되지 않게 하려면 해당 파일을 유니코드 형식으로 저장하십시오.
1>H:\Source\GithubDesktop\dk_client\Client\Packet\types/GuildTypes.h(1,1): warning C4819: 현재 코드 페이지(949)에서 표시할 수 없는 문자가 파일에 들어 있습니다. 데이터가 손실되지 않게 하려면 해당 파일을 유니코드 형식으로 저장하십시오.
1>H:\Source\GithubDesktop\dk_client\Client\ClientFunction.h(1,1): warning C4819: 현재 코드 페이지(949)에서 표시할 수 없는 문자가 파일에 들어 있습니다. 데이터가 손실되지 않게 하려면 해당 파일을 유니코드 형식으로 저장하십시오.
1>H:\Source\GithubDesktop\dk_client\Client\MTypeDef.h(1,1): warning C4819: 현재 코드 페이지(949)에서 표시할 수 없는 문자가 파일에 들어 있습니다. 데이터가 손실되지 않게 하려면 해당 파일을 유니코드 형식으로 저장하십시오.
1>H:\Source\GithubDesktop\dk_client\Client\SkillDef.h(1,1): warning C4819: 현재 코드 페이지(949)에서 표시할 수 없는 문자가 파일에 들어 있습니다. 데이터가 손실되지 않게 하려면 해당 파일을 유니코드 형식으로 저장하십시오.
1>H:\Source\GithubDesktop\dk_client\Client\SkillDef.h(831,1): warning C4819: 현재 코드 페이지(949)에서 표시할 수 없는 문자가 파일에 들어 있습니다. 데이터가 손실되지 않게 하려면 해당 파일을 유니코드 형식으로 저장하십시오.
1>H:\Source\GithubDesktop\dk_client\Client\SkillDef.h(1610,1): warning C4819: 현재 코드 페이지(949)에서 표시할 수 없는 문자가 파일에 들어 있습니다. 데이터가 손실되지 않게 하려면 해당 파일을 유니코드 형식으로 저장하십시오.
1>H:\Source\GithubDesktop\dk_client\Client\MItemOptionTable.h(1,1): warning C4819: 현재 코드 페이지(949)에서 표시할 수 없는 문자가 파일에 들어 있습니다. 데이터가 손실되지 않게 하려면 해당 파일을 유니코드 형식으로 저장하십시오.
1>H:\Source\GithubDesktop\dk_client\Client\CTypeTable.h(1,1): warning C4819: 현재 코드 페이지(949)에서 표시할 수 없는 문자가 파일에 들어 있습니다. 데이터가 손실되지 않게 하려면 해당 파일을 유니코드 형식으로 저장하십시오.
1>H:\Source\GithubDesktop\dk_client\Client\MTopView.h(1,1): warning C4819: 현재 코드 페이지(949)에서 표시할 수 없는 문자가 파일에 들어 있습니다. 데이터가 손실되지 않게 하려면 해당 파일을 유니코드 형식으로 저장하십시오.
1>H:\Source\GithubDesktop\dk_client\Client\MViewDef.h(1,1): warning C4819: 현재 코드 페이지(949)에서 표시할 수 없는 문자가 파일에 들어 있습니다. 데이터가 손실되지 않게 하려면 해당 파일을 유니코드 형식으로 저장하십시오.
1>H:\Source\GithubDesktop\dk_client\Client\MZone.h(1,1): warning C4819: 현재 코드 페이지(949)에서 표시할 수 없는 문자가 파일에 들어 있습니다. 데이터가 손실되지 않게 하려면 해당 파일을 유니코드 형식으로 저장하십시오.
1>H:\Source\GithubDesktop\dk_client\Client\MSector.h(1,1): warning C4819: 현재 코드 페이지(949)에서 표시할 수 없는 문자가 파일에 들어 있습니다. 데이터가 손실되지 않게 하려면 해당 파일을 유니코드 형식으로 저장하십시오.
1>H:\Source\GithubDesktop\dk_client\Client\MObject.h(1,1): warning C4819: 현재 코드 페이지(949)에서 표시할 수 없는 문자가 파일에 들어 있습니다. 데이터가 손실되지 않게 하려면 해당 파일을 유니코드 형식으로 저장하십시오.
1>H:\Source\GithubDesktop\dk_client\Client\SectorSoundInfo.h(1,1): warning C4819: 현재 코드 페이지(949)에서 표시할 수 없는 문자가 파일에 들어 있습니다. 데이터가 손실되지 않게 하려면 해당 파일을 유니코드 형식으로 저장하십시오.
1>H:\Source\GithubDesktop\dk_client\Client\MSector.h(334,32): warning C4267: 'return': 'size_t'에서 'int'(으)로 변환하면서 데이터가 손실될 수 있습니다.
1>H:\Source\GithubDesktop\dk_client\Client\MSector.h(394,35): warning C4267: 'return': 'size_t'에서 'int'(으)로 변환하면서 데이터가 손실될 수 있습니다.
1>H:\Source\GithubDesktop\dk_client\Client\MSector.h(405,42): warning C4267: 'return': 'size_t'에서 'int'(으)로 변환하면서 데이터가 손실될 수 있습니다.
1>H:\Source\GithubDesktop\dk_client\Client\MHelicopterManager.h(1,1): warning C4819: 현재 코드 페이지(949)에서 표시할 수 없는 문자가 파일에 들어 있습니다. 데이터가 손실되지 않게 하려면 해당 파일을 유니코드 형식으로 저장하십시오.
1>H:\Source\GithubDesktop\dk_client\Client\CTypeMap2.h(1,1): warning C4819: 현재 코드 페이지(949)에서 표시할 수 없는 문자가 파일에 들어 있습니다. 데이터가 손실되지 않게 하려면 해당 파일을 유니코드 형식으로 저장하십시오.
1>H:\Source\GithubDesktop\dk_client\Client\CPositionList.h(1,1): warning C4819: 현재 코드 페이지(949)에서 표시할 수 없는 문자가 파일에 들어 있습니다. 데이터가 손실되지 않게 하려면 해당 파일을 유니코드 형식으로 저장하십시오.
1>H:\Source\GithubDesktop\dk_client\Client\ZoneFileHeader.h(1,1): warning C4819: 현재 코드 페이지(949)에서 표시할 수 없는 문자가 파일에 들어 있습니다. 데이터가 손실되지 않게 하려면 해당 파일을 유니코드 형식으로 저장하십시오.
1>H:\Source\GithubDesktop\dk_client\Client\MZoneDef.h(1,1): warning C4819: 현재 코드 페이지(949)에서 표시할 수 없는 문자가 파일에 들어 있습니다. 데이터가 손실되지 않게 하려면 해당 파일을 유니코드 형식으로 저장하십시오.
1>H:\Source\GithubDesktop\dk_client\Client\SoundNode.h(1,1): warning C4819: 현재 코드 페이지(949)에서 표시할 수 없는 문자가 파일에 들어 있습니다. 데이터가 손실되지 않게 하려면 해당 파일을 유니코드 형식으로 저장하십시오.
1>H:\Source\GithubDesktop\dk_client\Client\MZone.h(165,36): warning C4267: 'return': 'size_t'에서 'int'(으)로 변환하면서 데이터가 손실될 수 있습니다.
1>H:\Source\GithubDesktop\dk_client\Client\MZone.h(233,32): warning C4267: 'return': 'size_t'에서 'int'(으)로 변환하면서 데이터가 손실될 수 있습니다.
1>H:\Source\GithubDesktop\dk_client\Client\MZone.h(275,29): warning C4267: 'return': 'size_t'에서 'int'(으)로 변환하면서 데이터가 손실될 수 있습니다.
1>H:\Source\GithubDesktop\dk_client\Client\MZone.h(288,35): warning C4267: 'return': 'size_t'에서 'int'(으)로 변환하면서 데이터가 손실될 수 있습니다.
1>H:\Source\GithubDesktop\dk_client\Client\MZone.h(366,40): warning C4267: 'return': 'size_t'에서 'int'(으)로 변환하면서 데이터가 손실될 수 있습니다.
1>H:\Source\GithubDesktop\dk_client\Client\MImageObject.h(1,1): warning C4819: 현재 코드 페이지(949)에서 표시할 수 없는 문자가 파일에 들어 있습니다. 데이터가 손실되지 않게 하려면 해당 파일을 유니코드 형식으로 저장하십시오.
1>H:\Source\GithubDesktop\dk_client\Client\MCreature.h(1,1): warning C4819: 현재 코드 페이지(949)에서 표시할 수 없는 문자가 파일에 들어 있습니다. 데이터가 손실되지 않게 하려면 해당 파일을 유니코드 형식으로 저장하십시오.
1>H:\Source\GithubDesktop\dk_client\Client\MAttachEffect.h(1,1): warning C4819: 현재 코드 페이지(949)에서 표시할 수 없는 문자가 파일에 들어 있습니다. 데이터가 손실되지 않게 하려면 해당 파일을 유니코드 형식으로 저장하십시오.
1>H:\Source\GithubDesktop\dk_client\Client\MMovingEffect.h(1,1): warning C4819: 현재 코드 페이지(949)에서 표시할 수 없는 문자가 파일에 들어 있습니다. 데이터가 손실되지 않게 하려면 해당 파일을 유니코드 형식으로 저장하십시오.
1>H:\Source\GithubDesktop\dk_client\Client\MEffect.h(1,1): warning C4819: 현재 코드 페이지(949)에서 표시할 수 없는 문자가 파일에 들어 있습니다. 데이터가 손실되지 않게 하려면 해당 파일을 유니코드 형식으로 저장하십시오.
1>H:\Source\GithubDesktop\dk_client\Client\framelib/CAnimationFrame.h(1,1): warning C4819: 현재 코드 페이지(949)에서 표시할 수 없는 문자가 파일에 들어 있습니다. 데이터가 손실되지 않게 하려면 해당 파일을 유니코드 형식으로 저장하십시오.
1>H:\Source\GithubDesktop\dk_client\Client\MEffectTarget.h(1,1): warning C4819: 현재 코드 페이지(949)에서 표시할 수 없는 문자가 파일에 들어 있습니다. 데이터가 손실되지 않게 하려면 해당 파일을 유니코드 형식으로 저장하십시오.
1>H:\Source\GithubDesktop\dk_client\Client\MActionResult.h(1,1): warning C4819: 현재 코드 페이지(949)에서 표시할 수 없는 문자가 파일에 들어 있습니다. 데이터가 손실되지 않게 하려면 해당 파일을 유니코드 형식으로 저장하십시오.
1>H:\Source\GithubDesktop\dk_client\Client\MStatus.h(1,1): warning C4819: 현재 코드 페이지(949)에서 표시할 수 없는 문자가 파일에 들어 있습니다. 데이터가 손실되지 않게 하려면 해당 파일을 유니코드 형식으로 저장하십시오.
1>H:\Source\GithubDesktop\dk_client\Client\MActionResultDef.h(1,1): warning C4819: 현재 코드 페이지(949)에서 표시할 수 없는 문자가 파일에 들어 있습니다. 데이터가 손실되지 않게 하려면 해당 파일을 유니코드 형식으로 저장하십시오.
1>H:\Source\GithubDesktop\dk_client\Client\MEffectStatusDef.h(1,1): warning C4819: 현재 코드 페이지(949)에서 표시할 수 없는 문자가 파일에 들어 있습니다. 데이터가 손실되지 않게 하려면 해당 파일을 유니코드 형식으로 저장하십시오.
1>H:\Source\GithubDesktop\dk_client\Client\MActionResult.h(727,26): warning C4267: 'return': 'size_t'에서 'int'(으)로 변환하면서 데이터가 손실될 수 있습니다.
1>H:\Source\GithubDesktop\dk_client\Client\framelib/CFramePack.h(1,1): warning C4819: 현재 코드 페이지(949)에서 표시할 수 없는 문자가 파일에 들어 있습니다. 데이터가 손실되지 않게 하려면 해당 파일을 유니코드 형식으로 저장하십시오.
1>H:\Source\GithubDesktop\dk_client\Client\framelib\CFrame.h(1,1): warning C4819: 현재 코드 페이지(949)에서 표시할 수 없는 문자가 파일에 들어 있습니다. 데이터가 손실되지 않게 하려면 해당 파일을 유니코드 형식으로 저장하십시오.
1>H:\Source\GithubDesktop\dk_client\Client\framelib\TArray.h(1,1): warning C4819: 현재 코드 페이지(949)에서 표시할 수 없는 문자가 파일에 들어 있습니다. 데이터가 손실되지 않게 하려면 해당 파일을 유니코드 형식으로 저장하십시오.
1>H:\Source\GithubDesktop\dk_client\Client\SpriteLib/CSpritePack.h(1,1): warning C4819: 현재 코드 페이지(949)에서 표시할 수 없는 문자가 파일에 들어 있습니다. 데이터가 손실되지 않게 하려면 해당 파일을 유니코드 형식으로 저장하십시오.
1>H:\Source\GithubDesktop\dk_client\Client\SpriteLib\CSpriteSetManager.h(1,1): warning C4819: 현재 코드 페이지(949)에서 표시할 수 없는 문자가 파일에 들어 있습니다. 데이터가 손실되지 않게 하려면 해당 파일을 유니코드 형식으로 저장하십시오.
1>H:\Source\GithubDesktop\dk_client\Client\SpriteLib\CSetManager.h(1,1): warning C4819: 현재 코드 페이지(949)에서 표시할 수 없는 문자가 파일에 들어 있습니다. 데이터가 손실되지 않게 하려면 해당 파일을 유니코드 형식으로 저장하십시오.
1>H:\Source\GithubDesktop\dk_client\Client\COrderedList.h(1,1): warning C4819: 현재 코드 페이지(949)에서 표시할 수 없는 문자가 파일에 들어 있습니다. 데이터가 손실되지 않게 하려면 해당 파일을 유니코드 형식으로 저장하십시오.
1>H:\Source\GithubDesktop\dk_client\Client\SpriteLib\CSprite555.h(1,1): warning C4819: 현재 코드 페이지(949)에서 표시할 수 없는 문자가 파일에 들어 있습니다. 데이터가 손실되지 않게 하려면 해당 파일을 유니코드 형식으로 저장하십시오.
1>H:\Source\GithubDesktop\dk_client\Client\SpriteLib\CSprite555.h(16,14): warning C4091: '': 변수를 선언하지 않으면 'std::basic_ofstream<char,std::char_traits<char>>' 왼쪽은 무시됩니다.
1>H:\Source\GithubDesktop\dk_client\Client\SpriteLib\CSprite555.h(17,14): warning C4091: '': 변수를 선언하지 않으면 'std::basic_ifstream<char,std::char_traits<char>>' 왼쪽은 무시됩니다.
1>H:\Source\GithubDesktop\dk_client\Client\SpriteLib\CSpriteSurface.h(1,1): warning C4819: 현재 코드 페이지(949)에서 표시할 수 없는 문자가 파일에 들어 있습니다. 데이터가 손실되지 않게 하려면 해당 파일을 유니코드 형식으로 저장하십시오.
1>H:\Source\GithubDesktop\dk_client\Client\SpriteLib\CSpriteSurface.h(50,1): warning C4005: 'SPRITESURFACE_STANDALONE': 매크로 재정의
1>H:\Source\GithubDesktop\dk_client\Client\ClientFunction.cpp : message : 'SPRITESURFACE_STANDALONE'의 이전 정의를 참조하십시오.
1>H:\Source\GithubDesktop\dk_client\Client\SpriteLib\CAlphaSpritePal.h(1,1): warning C4819: 현재 코드 페이지(949)에서 표시할 수 없는 문자가 파일에 들어 있습니다. 데이터가 손실되지 않게 하려면 해당 파일을 유니코드 형식으로 저장하십시오.
1>H:\Source\GithubDesktop\dk_client\Client\SpriteLib\CSpriteDef.h(1,1): warning C4819: 현재 코드 페이지(949)에서 표시할 수 없는 문자가 파일에 들어 있습니다. 데이터가 손실되지 않게 하려면 해당 파일을 유니코드 형식으로 저장하십시오.
1>H:\Source\GithubDesktop\dk_client\Client\SpriteLib\TArray.h(1,1): warning C4819: 현재 코드 페이지(949)에서 표시할 수 없는 문자가 파일에 들어 있습니다. 데이터가 손실되지 않게 하려면 해당 파일을 유니코드 형식으로 저장하십시오.
1>H:\Source\GithubDesktop\dk_client\Client\SpriteLib\CSpriteDef.h(14,14): warning C4091: '': 변수를 선언하지 않으면 'std::basic_ifstream<char,std::char_traits<char>>' 왼쪽은 무시됩니다.
1>H:\Source\GithubDesktop\dk_client\Client\SpriteLib\CSpriteDef.h(15,14): warning C4091: '': 변수를 선언하지 않으면 'std::basic_ofstream<char,std::char_traits<char>>' 왼쪽은 무시됩니다.
1>H:\Source\GithubDesktop\dk_client\Client\SpriteLib\CSprite.h(29,14): warning C4091: '': 변수를 선언하지 않으면 'std::basic_ofstream<char,std::char_traits<char>>' 왼쪽은 무시됩니다.
1>H:\Source\GithubDesktop\dk_client\Client\SpriteLib\CSprite.h(30,14): warning C4091: '': 변수를 선언하지 않으면 'std::basic_ifstream<char,std::char_traits<char>>' 왼쪽은 무시됩니다.
1>H:\Source\GithubDesktop\dk_client\Client\SpriteLib\CSprite565.h(1,1): warning C4819: 현재 코드 페이지(949)에서 표시할 수 없는 문자가 파일에 들어 있습니다. 데이터가 손실되지 않게 하려면 해당 파일을 유니코드 형식으로 저장하십시오.
1>H:\Source\GithubDesktop\dk_client\Client\SpriteLib\CSprite565.h(16,14): warning C4091: '': 변수를 선언하지 않으면 'std::basic_ofstream<char,std::char_traits<char>>' 왼쪽은 무시됩니다.
1>H:\Source\GithubDesktop\dk_client\Client\SpriteLib\CSprite565.h(17,14): warning C4091: '': 변수를 선언하지 않으면 'std::basic_ifstream<char,std::char_traits<char>>' 왼쪽은 무시됩니다.
1>H:\Source\GithubDesktop\dk_client\Client\SpriteLib/CAlphaSpritePack.h(1,1): warning C4819: 현재 코드 페이지(949)에서 표시할 수 없는 문자가 파일에 들어 있습니다. 데이터가 손실되지 않게 하려면 해당 파일을 유니코드 형식으로 저장하십시오.
1>H:\Source\GithubDesktop\dk_client\Client\SpriteLib\CAlphaSprite565.h(1,1): warning C4819: 현재 코드 페이지(949)에서 표시할 수 없는 문자가 파일에 들어 있습니다. 데이터가 손실되지 않게 하려면 해당 파일을 유니코드 형식으로 저장하십시오.
1>H:\Source\GithubDesktop\dk_client\Client\SpriteLib\CAlphaSprite565.h(16,14): warning C4091: '': 변수를 선언하지 않으면 'std::basic_ofstream<char,std::char_traits<char>>' 왼쪽은 무시됩니다.
1>H:\Source\GithubDesktop\dk_client\Client\SpriteLib\CAlphaSprite565.h(17,14): warning C4091: '': 변수를 선언하지 않으면 'std::basic_ifstream<char,std::char_traits<char>>' 왼쪽은 무시됩니다.
1>H:\Source\GithubDesktop\dk_client\Client\SpriteLib\CAlphaSprite.h(1,1): warning C4819: 현재 코드 페이지(949)에서 표시할 수 없는 문자가 파일에 들어 있습니다. 데이터가 손실되지 않게 하려면 해당 파일을 유니코드 형식으로 저장하십시오.
1>H:\Source\GithubDesktop\dk_client\Client\SpriteLib\CAlphaSprite.h(19,14): warning C4091: '': 변수를 선언하지 않으면 'std::basic_ofstream<char,std::char_traits<char>>' 왼쪽은 무시됩니다.
1>H:\Source\GithubDesktop\dk_client\Client\SpriteLib\CAlphaSprite.h(20,14): warning C4091: '': 변수를 선언하지 않으면 'std::basic_ifstream<char,std::char_traits<char>>' 왼쪽은 무시됩니다.
1>H:\Source\GithubDesktop\dk_client\Client\SpriteLib\CAlphaSprite555.h(1,1): warning C4819: 현재 코드 페이지(949)에서 표시할 수 없는 문자가 파일에 들어 있습니다. 데이터가 손실되지 않게 하려면 해당 파일을 유니코드 형식으로 저장하십시오.
1>H:\Source\GithubDesktop\dk_client\Client\SpriteLib\CAlphaSprite555.h(16,14): warning C4091: '': 변수를 선언하지 않으면 'std::basic_ofstream<char,std::char_traits<char>>' 왼쪽은 무시됩니다.
1>H:\Source\GithubDesktop\dk_client\Client\SpriteLib\CAlphaSprite555.h(17,14): warning C4091: '': 변수를 선언하지 않으면 'std::basic_ifstream<char,std::char_traits<char>>' 왼쪽은 무시됩니다.
1>H:\Source\GithubDesktop\dk_client\Client\SpriteLib\CAlphaSprite.h(1,1): warning C4819: 현재 코드 페이지(949)에서 표시할 수 없는 문자가 파일에 들어 있습니다. 데이터가 손실되지 않게 하려면 해당 파일을 유니코드 형식으로 저장하십시오.
1>H:\Source\GithubDesktop\dk_client\Client\SpriteLib/CShadowSprite.h(1,1): warning C4819: 현재 코드 페이지(949)에서 표시할 수 없는 문자가 파일에 들어 있습니다. 데이터가 손실되지 않게 하려면 해당 파일을 유니코드 형식으로 저장하십시오.
1>H:\Source\GithubDesktop\dk_client\Client\SpriteLib\CSpriteDef.h(1,1): warning C4819: 현재 코드 페이지(949)에서 표시할 수 없는 문자가 파일에 들어 있습니다. 데이터가 손실되지 않게 하려면 해당 파일을 유니코드 형식으로 저장하십시오.
1>H:\Source\GithubDesktop\dk_client\Client\SpriteLib\CIndexSprite.h(1,1): warning C4819: 현재 코드 페이지(949)에서 표시할 수 없는 문자가 파일에 들어 있습니다. 데이터가 손실되지 않게 하려면 해당 파일을 유니코드 형식으로 저장하십시오.
1>H:\Source\GithubDesktop\dk_client\Client\MActionInfoTable.h(1,1): warning C4819: 현재 코드 페이지(949)에서 표시할 수 없는 문자가 파일에 들어 있습니다. 데이터가 손실되지 않게 하려면 해당 파일을 유니코드 형식으로 저장하십시오.
1>H:\Source\GithubDesktop\dk_client\Client\MActionInfoTable.h(584,1): warning C4819: 현재 코드 페이지(949)에서 표시할 수 없는 문자가 파일에 들어 있습니다. 데이터가 손실되지 않게 하려면 해당 파일을 유니코드 형식으로 저장하십시오.
1>H:\Source\GithubDesktop\dk_client\Client\MCreatureTable.h(1,1): warning C4819: 현재 코드 페이지(949)에서 표시할 수 없는 문자가 파일에 들어 있습니다. 데이터가 손실되지 않게 하려면 해당 파일을 유니코드 형식으로 저장하십시오.
1>H:\Source\GithubDesktop\dk_client\Client\MCreatureSpriteTable.h(1,1): warning C4819: 현재 코드 페이지(949)에서 표시할 수 없는 문자가 파일에 들어 있습니다. 데이터가 손실되지 않게 하려면 해당 파일을 유니코드 형식으로 저장하십시오.
1>H:\Source\GithubDesktop\dk_client\Client\MEffectStatusTable.h(1,1): warning C4819: 현재 코드 페이지(949)에서 표시할 수 없는 문자가 파일에 들어 있습니다. 데이터가 손실되지 않게 하려면 해당 파일을 유니코드 형식으로 저장하십시오.
1>H:\Source\GithubDesktop\dk_client\Client\MemoryPool.h(1,1): warning C4819: 현재 코드 페이지(949)에서 표시할 수 없는 문자가 파일에 들어 있습니다. 데이터가 손실되지 않게 하려면 해당 파일을 유니코드 형식으로 저장하십시오.
1>H:\Source\GithubDesktop\dk_client\Client\NicknameInfo.h(1,1): warning C4819: 현재 코드 페이지(949)에서 표시할 수 없는 문자가 파일에 들어 있습니다. 데이터가 손실되지 않게 하려면 해당 파일을 유니코드 형식으로 저장하십시오.
1>H:\Source\GithubDesktop\dk_client\Client\Packet/Packet.h(1,1): warning C4819: 현재 코드 페이지(949)에서 표시할 수 없는 문자가 파일에 들어 있습니다. 데이터가 손실되지 않게 하려면 해당 파일을 유니코드 형식으로 저장하십시오.
1>H:\Source\GithubDesktop\dk_client\Client\Packet\SocketInputStream.h(1,1): warning C4819: 현재 코드 페이지(949)에서 표시할 수 없는 문자가 파일에 들어 있습니다. 데이터가 손실되지 않게 하려면 해당 파일을 유니코드 형식으로 저장하십시오.
1>H:\Source\GithubDesktop\dk_client\Client\Packet\Socket.h(1,1): warning C4819: 현재 코드 페이지(949)에서 표시할 수 없는 문자가 파일에 들어 있습니다. 데이터가 손실되지 않게 하려면 해당 파일을 유니코드 형식으로 저장하십시오.
1>H:\Source\GithubDesktop\dk_client\Client\Packet\SocketAPI.h(1,1): warning C4819: 현재 코드 페이지(949)에서 표시할 수 없는 문자가 파일에 들어 있습니다. 데이터가 손실되지 않게 하려면 해당 파일을 유니코드 형식으로 저장하십시오.
1>H:\Source\GithubDesktop\dk_client\Client\Packet\SocketAPI.h(78,36): warning C4290: 함수가 __declspec(nothrow)가 아님을 나타내려는 경우를 제외하고 C++ 예외 사양은 무시됩니다.
1>H:\Source\GithubDesktop\dk_client\Client\Packet\SocketAPI.h(85,32): warning C4290: 함수가 __declspec(nothrow)가 아님을 나타내려는 경우를 제외하고 C++ 예외 사양은 무시됩니다.
1>H:\Source\GithubDesktop\dk_client\Client\Packet\SocketAPI.h(92,60): warning C4290: 함수가 __declspec(nothrow)가 아님을 나타내려는 경우를 제외하고 C++ 예외 사양은 무시됩니다.
1>H:\Source\GithubDesktop\dk_client\Client\Packet\SocketAPI.h(98,36): warning C4290: 함수가 __declspec(nothrow)가 아님을 나타내려는 경우를 제외하고 C++ 예외 사양은 무시됩니다.
1>H:\Source\GithubDesktop\dk_client\Client\Packet\SocketAPI.h(105,41): warning C4290: 함수가 __declspec(nothrow)가 아님을 나타내려는 경우를 제외하고 C++ 예외 사양은 무시됩니다.
1>H:\Source\GithubDesktop\dk_client\Client\Packet\SocketAPI.h(112,36): warning C4290: 함수가 __declspec(nothrow)가 아님을 나타내려는 경우를 제외하고 C++ 예외 사양은 무시됩니다.
1>H:\Source\GithubDesktop\dk_client\Client\Packet\SocketAPI.h(118,36): warning C4290: 함수가 __declspec(nothrow)가 아님을 나타내려는 경우를 제외하고 C++ 예외 사양은 무시됩니다.
1>H:\Source\GithubDesktop\dk_client\Client\Packet\SocketAPI.h(125,60): warning C4290: 함수가 __declspec(nothrow)가 아님을 나타내려는 경우를 제외하고 C++ 예외 사양은 무시됩니다.
1>H:\Source\GithubDesktop\dk_client\Client\Packet\SocketAPI.h(132,60): warning C4290: 함수가 __declspec(nothrow)가 아님을 나타내려는 경우를 제외하고 C++ 예외 사양은 무시됩니다.
1>H:\Source\GithubDesktop\dk_client\Client\Packet\SocketAPI.h(139,60): warning C4290: 함수가 __declspec(nothrow)가 아님을 나타내려는 경우를 제외하고 C++ 예외 사양은 무시됩니다.
1>H:\Source\GithubDesktop\dk_client\Client\Packet\SocketAPI.h(146,60): warning C4290: 함수가 __declspec(nothrow)가 아님을 나타내려는 경우를 제외하고 C++ 예외 사양은 무시됩니다.
1>H:\Source\GithubDesktop\dk_client\Client\Packet\SocketAPI.h(157,40): warning C4290: 함수가 __declspec(nothrow)가 아님을 나타내려는 경우를 제외하고 C++ 예외 사양은 무시됩니다.
1>H:\Source\GithubDesktop\dk_client\Client\Packet\SocketAPI.h(168,36): warning C4290: 함수가 __declspec(nothrow)가 아님을 나타내려는 경우를 제외하고 C++ 예외 사양은 무시됩니다.
1>H:\Source\GithubDesktop\dk_client\Client\Packet\SocketAPI.h(175,36): warning C4290: 함수가 __declspec(nothrow)가 아님을 나타내려는 경우를 제외하고 C++ 예외 사양은 무시됩니다.
1>H:\Source\GithubDesktop\dk_client\Client\Packet\SocketAPI.h(182,36): warning C4290: 함수가 __declspec(nothrow)가 아님을 나타내려는 경우를 제외하고 C++ 예외 사양은 무시됩니다.
1>H:\Source\GithubDesktop\dk_client\Client\Packet\SocketAPI.h(189,36): warning C4290: 함수가 __declspec(nothrow)가 아님을 나타내려는 경우를 제외하고 C++ 예외 사양은 무시됩니다.
1>H:\Source\GithubDesktop\dk_client\Client\Packet\SocketAPI.h(196,36): warning C4290: 함수가 __declspec(nothrow)가 아님을 나타내려는 경우를 제외하고 C++ 예외 사양은 무시됩니다.
1>H:\Source\GithubDesktop\dk_client\Client\Packet\SocketAPI.h(203,58): warning C4290: 함수가 __declspec(nothrow)가 아님을 나타내려는 경우를 제외하고 C++ 예외 사양은 무시됩니다.
1>H:\Source\GithubDesktop\dk_client\Client\Packet\SocketImpl.h(47,59): warning C4290: 함수가 __declspec(nothrow)가 아님을 나타내려는 경우를 제외하고 C++ 예외 사양은 무시됩니다.
1>H:\Source\GithubDesktop\dk_client\Client\Packet\SocketImpl.h(55,51): warning C4290: 함수가 __declspec(nothrow)가 아님을 나타내려는 경우를 제외하고 C++ 예외 사양은 무시됩니다.
1>H:\Source\GithubDesktop\dk_client\Client\Packet\SocketImpl.h(58,50): warning C4290: 함수가 __declspec(nothrow)가 아님을 나타내려는 경우를 제외하고 C++ 예외 사양은 무시됩니다.
1>H:\Source\GithubDesktop\dk_client\Client\Packet\SocketImpl.h(61,45): warning C4290: 함수가 __declspec(nothrow)가 아님을 나타내려는 경우를 제외하고 C++ 예외 사양은 무시됩니다.
1>H:\Source\GithubDesktop\dk_client\Client\Packet\SocketImpl.h(62,56): warning C4290: 함수가 __declspec(nothrow)가 아님을 나타내려는 경우를 제외하고 C++ 예외 사양은 무시됩니다.
1>H:\Source\GithubDesktop\dk_client\Client\Packet\SocketImpl.h(65,65): warning C4290: 함수가 __declspec(nothrow)가 아님을 나타내려는 경우를 제외하고 C++ 예외 사양은 무시됩니다.
1>H:\Source\GithubDesktop\dk_client\Client\Packet\SocketImpl.h(68,51): warning C4290: 함수가 __declspec(nothrow)가 아님을 나타내려는 경우를 제외하고 C++ 예외 사양은 무시됩니다.
1>H:\Source\GithubDesktop\dk_client\Client\Packet\SocketImpl.h(69,89): warning C4290: 함수가 __declspec(nothrow)가 아님을 나타내려는 경우를 제외하고 C++ 예외 사양은 무시됩니다.
1>H:\Source\GithubDesktop\dk_client\Client\Packet\SocketImpl.h(72,64): warning C4290: 함수가 __declspec(nothrow)가 아님을 나타내려는 경우를 제외하고 C++ 예외 사양은 무시됩니다.
1>H:\Source\GithubDesktop\dk_client\Client\Packet\SocketImpl.h(75,89): warning C4290: 함수가 __declspec(nothrow)가 아님을 나타내려는 경우를 제외하고 C++ 예외 사양은 무시됩니다.
1>H:\Source\GithubDesktop\dk_client\Client\Packet\SocketImpl.h(78,86): warning C4290: 함수가 __declspec(nothrow)가 아님을 나타내려는 경우를 제외하고 C++ 예외 사양은 무시됩니다.
1>H:\Source\GithubDesktop\dk_client\Client\Packet\SocketImpl.h(81,60): warning C4290: 함수가 __declspec(nothrow)가 아님을 나타내려는 경우를 제외하고 C++ 예외 사양은 무시됩니다.
1>H:\Source\GithubDesktop\dk_client\Client\Packet\SocketImpl.h(90,60): warning C4290: 함수가 __declspec(nothrow)가 아님을 나타내려는 경우를 제외하고 C++ 예외 사양은 무시됩니다.
1>H:\Source\GithubDesktop\dk_client\Client\Packet\SocketImpl.h(91,71): warning C4290: 함수가 __declspec(nothrow)가 아님을 나타내려는 경우를 제외하고 C++ 예외 사양은 무시됩니다.
1>H:\Source\GithubDesktop\dk_client\Client\Packet\SocketImpl.h(94,62): warning C4290: 함수가 __declspec(nothrow)가 아님을 나타내려는 경우를 제외하고 C++ 예외 사양은 무시됩니다.
1>H:\Source\GithubDesktop\dk_client\Client\Packet\SocketImpl.h(95,73): warning C4290: 함수가 __declspec(nothrow)가 아님을 나타내려는 경우를 제외하고 C++ 예외 사양은 무시됩니다.
1>H:\Source\GithubDesktop\dk_client\Client\Packet\SocketImpl.h(98,64): warning C4290: 함수가 __declspec(nothrow)가 아님을 나타내려는 경우를 제외하고 C++ 예외 사양은 무시됩니다.
1>H:\Source\GithubDesktop\dk_client\Client\Packet\SocketImpl.h(99,75): warning C4290: 함수가 __declspec(nothrow)가 아님을 나타내려는 경우를 제외하고 C++ 예외 사양은 무시됩니다.
1>H:\Source\GithubDesktop\dk_client\Client\Packet\SocketImpl.h(102,71): warning C4290: 함수가 __declspec(nothrow)가 아님을 나타내려는 경우를 제외하고 C++ 예외 사양은 무시됩니다.
1>H:\Source\GithubDesktop\dk_client\Client\Packet\SocketImpl.h(103,76): warning C4290: 함수가 __declspec(nothrow)가 아님을 나타내려는 경우를 제외하고 C++ 예외 사양은 무시됩니다.
1>H:\Source\GithubDesktop\dk_client\Client\Packet\SocketImpl.h(106,68): warning C4290: 함수가 __declspec(nothrow)가 아님을 나타내려는 경우를 제외하고 C++ 예외 사양은 무시됩니다.
1>H:\Source\GithubDesktop\dk_client\Client\Packet\SocketImpl.h(107,73): warning C4290: 함수가 __declspec(nothrow)가 아님을 나타내려는 경우를 제외하고 C++ 예외 사양은 무시됩니다.
1>H:\Source\GithubDesktop\dk_client\Client\Packet\Socket.h(45,55): warning C4290: 함수가 __declspec(nothrow)가 아님을 나타내려는 경우를 제외하고 C++ 예외 사양은 무시됩니다.
1>H:\Source\GithubDesktop\dk_client\Client\Packet\Socket.h(54,50): warning C4290: 함수가 __declspec(nothrow)가 아님을 나타내려는 경우를 제외하고 C++ 예외 사양은 무시됩니다.
1>H:\Source\GithubDesktop\dk_client\Client\Packet\Socket.h(57,51): warning C4290: 함수가 __declspec(nothrow)가 아님을 나타내려는 경우를 제외하고 C++ 예외 사양은 무시됩니다.
1>H:\Source\GithubDesktop\dk_client\Client\Packet\Socket.h(58,89): warning C4290: 함수가 __declspec(nothrow)가 아님을 나타내려는 경우를 제외하고 C++ 예외 사양은 무시됩니다.
1>H:\Source\GithubDesktop\dk_client\Client\Packet\Socket.h(61,91): warning C4290: 함수가 __declspec(nothrow)가 아님을 나타내려는 경우를 제외하고 C++ 예외 사양은 무시됩니다.
1>H:\Source\GithubDesktop\dk_client\Client\Packet\Socket.h(64,89): warning C4290: 함수가 __declspec(nothrow)가 아님을 나타내려는 경우를 제외하고 C++ 예외 사양은 무시됩니다.
1>H:\Source\GithubDesktop\dk_client\Client\Packet\Socket.h(67,86): warning C4290: 함수가 __declspec(nothrow)가 아님을 나타내려는 경우를 제외하고 C++ 예외 사양은 무시됩니다.
1>H:\Source\GithubDesktop\dk_client\Client\Packet\Socket.h(70,60): warning C4290: 함수가 __declspec(nothrow)가 아님을 나타내려는 경우를 제외하고 C++ 예외 사양은 무시됩니다.
1>H:\Source\GithubDesktop\dk_client\Client\Packet\Socket.h(79,63): warning C4290: 함수가 __declspec(nothrow)가 아님을 나타내려는 경우를 제외하고 C++ 예외 사양은 무시됩니다.
1>H:\Source\GithubDesktop\dk_client\Client\Packet\Socket.h(80,74): warning C4290: 함수가 __declspec(nothrow)가 아님을 나타내려는 경우를 제외하고 C++ 예외 사양은 무시됩니다.
1>H:\Source\GithubDesktop\dk_client\Client\Packet\Socket.h(83,67): warning C4290: 함수가 __declspec(nothrow)가 아님을 나타내려는 경우를 제외하고 C++ 예외 사양은 무시됩니다.
1>H:\Source\GithubDesktop\dk_client\Client\Packet\Socket.h(84,78): warning C4290: 함수가 __declspec(nothrow)가 아님을 나타내려는 경우를 제외하고 C++ 예외 사양은 무시됩니다.
1>H:\Source\GithubDesktop\dk_client\Client\Packet\Socket.h(87,74): warning C4290: 함수가 __declspec(nothrow)가 아님을 나타내려는 경우를 제외하고 C++ 예외 사양은 무시됩니다.
1>H:\Source\GithubDesktop\dk_client\Client\Packet\Socket.h(88,79): warning C4290: 함수가 __declspec(nothrow)가 아님을 나타내려는 경우를 제외하고 C++ 예외 사양은 무시됩니다.
1>H:\Source\GithubDesktop\dk_client\Client\Packet\Socket.h(91,71): warning C4290: 함수가 __declspec(nothrow)가 아님을 나타내려는 경우를 제외하고 C++ 예외 사양은 무시됩니다.
1>H:\Source\GithubDesktop\dk_client\Client\Packet\Socket.h(92,76): warning C4290: 함수가 __declspec(nothrow)가 아님을 나타내려는 경우를 제외하고 C++ 예외 사양은 무시됩니다.
1>H:\Source\GithubDesktop\dk_client\Client\Packet\SocketInputStream.h(49,20): warning C4290: 함수가 __declspec(nothrow)가 아님을 나타내려는 경우를 제외하고 C++ 예외 사양은 무시됩니다.
1>H:\Source\GithubDesktop\dk_client\Client\Packet\SocketInputStream.h(52,66): warning C4290: 함수가 __declspec(nothrow)가 아님을 나타내려는 경우를 제외하고 C++ 예외 사양은 무시됩니다.
1>H:\Source\GithubDesktop\dk_client\Client\Packet\SocketInputStream.h(61,72): warning C4290: 함수가 __declspec(nothrow)가 아님을 나타내려는 경우를 제외하고 C++ 예외 사양은 무시됩니다.
1>H:\Source\GithubDesktop\dk_client\Client\Packet\SocketInputStream.h(62,79): warning C4290: 함수가 __declspec(nothrow)가 아님을 나타내려는 경우를 제외하고 C++ 예외 사양은 무시됩니다.
1>H:\Source\GithubDesktop\dk_client\Client\Packet\SocketInputStream.h(63,61): warning C4290: 함수가 __declspec(nothrow)가 아님을 나타내려는 경우를 제외하고 C++ 예외 사양은 무시됩니다.
1>H:\Source\GithubDesktop\dk_client\Client\Packet\SocketInputStream.h(65,63): warning C4290: 함수가 __declspec(nothrow)가 아님을 나타내려는 경우를 제외하고 C++ 예외 사양은 무시됩니다.
1>H:\Source\GithubDesktop\dk_client\Client\Packet\SocketInputStream.h(66,63): warning C4290: 함수가 __declspec(nothrow)가 아님을 나타내려는 경우를 제외하고 C++ 예외 사양은 무시됩니다.
1>H:\Source\GithubDesktop\dk_client\Client\Packet\SocketInputStream.h(67,63): warning C4290: 함수가 __declspec(nothrow)가 아님을 나타내려는 경우를 제외하고 C++ 예외 사양은 무시됩니다.
1>H:\Source\GithubDesktop\dk_client\Client\Packet\SocketInputStream.h(68,63): warning C4290: 함수가 __declspec(nothrow)가 아님을 나타내려는 경우를 제외하고 C++ 예외 사양은 무시됩니다.
1>H:\Source\GithubDesktop\dk_client\Client\Packet\SocketInputStream.h(69,63): warning C4290: 함수가 __declspec(nothrow)가 아님을 나타내려는 경우를 제외하고 C++ 예외 사양은 무시됩니다.
1>H:\Source\GithubDesktop\dk_client\Client\Packet\SocketInputStream.h(70,63): warning C4290: 함수가 __declspec(nothrow)가 아님을 나타내려는 경우를 제외하고 C++ 예외 사양은 무시됩니다.
1>H:\Source\GithubDesktop\dk_client\Client\Packet\SocketInputStream.h(71,63): warning C4290: 함수가 __declspec(nothrow)가 아님을 나타내려는 경우를 제외하고 C++ 예외 사양은 무시됩니다.
1>H:\Source\GithubDesktop\dk_client\Client\Packet\SocketInputStream.h(72,63): warning C4290: 함수가 __declspec(nothrow)가 아님을 나타내려는 경우를 제외하고 C++ 예외 사양은 무시됩니다.
1>H:\Source\GithubDesktop\dk_client\Client\Packet\SocketInputStream.h(78,63): warning C4290: 함수가 __declspec(nothrow)가 아님을 나타내려는 경우를 제외하고 C++ 예외 사양은 무시됩니다.
1>H:\Source\GithubDesktop\dk_client\Client\Packet\SocketInputStream.h(86,72): warning C4290: 함수가 __declspec(nothrow)가 아님을 나타내려는 경우를 제외하고 C++ 예외 사양은 무시됩니다.
1>H:\Source\GithubDesktop\dk_client\Client\Packet\SocketInputStream.h(89,59): warning C4290: 함수가 __declspec(nothrow)가 아님을 나타내려는 경우를 제외하고 C++ 예외 사양은 무시됩니다.
1>H:\Source\GithubDesktop\dk_client\Client\Packet\SocketInputStream.h(92,43): warning C4290: 함수가 __declspec(nothrow)가 아님을 나타내려는 경우를 제외하고 C++ 예외 사양은 무시됩니다.
1>H:\Source\GithubDesktop\dk_client\Client\Packet\SocketInputStream.h(93,47): warning C4290: 함수가 __declspec(nothrow)가 아님을 나타내려는 경우를 제외하고 C++ 예외 사양은 무시됩니다.
1>H:\Source\GithubDesktop\dk_client\Client\Packet\SocketInputStream.h(96,55): warning C4290: 함수가 __declspec(nothrow)가 아님을 나타내려는 경우를 제외하고 C++ 예외 사양은 무시됩니다.
1>H:\Source\GithubDesktop\dk_client\Client\Packet\SocketOutputStream.h(1,1): warning C4819: 현재 코드 페이지(949)에서 표시할 수 없는 문자가 파일에 들어 있습니다. 데이터가 손실되지 않게 하려면 해당 파일을 유니코드 형식으로 저장하십시오.
1>H:\Source\GithubDesktop\dk_client\Client\Packet\SocketOutputStream.h(37,21): warning C4290: 함수가 __declspec(nothrow)가 아님을 나타내려는 경우를 제외하고 C++ 예외 사양은 무시됩니다.
1>H:\Source\GithubDesktop\dk_client\Client\Packet\SocketOutputStream.h(40,67): warning C4290: 함수가 __declspec(nothrow)가 아님을 나타내려는 경우를 제외하고 C++ 예외 사양은 무시됩니다.
1>H:\Source\GithubDesktop\dk_client\Client\Packet\SocketOutputStream.h(54,79): warning C4290: 함수가 __declspec(nothrow)가 아님을 나타내려는 경우를 제외하고 C++ 예외 사양은 무시됩니다.
1>H:\Source\GithubDesktop\dk_client\Client\Packet\SocketOutputStream.h(55,75): warning C4290: 함수가 __declspec(nothrow)가 아님을 나타내려는 경우를 제외하고 C++ 예외 사양은 무시됩니다.
1>H:\Source\GithubDesktop\dk_client\Client\Packet\SocketOutputStream.h(56,74): warning C4290: 함수가 __declspec(nothrow)가 아님을 나타내려는 경우를 제외하고 C++ 예외 사양은 무시됩니다.
1>H:\Source\GithubDesktop\dk_client\Client\Packet\SocketOutputStream.h(58,65): warning C4290: 함수가 __declspec(nothrow)가 아님을 나타내려는 경우를 제외하고 C++ 예외 사양은 무시됩니다.
1>H:\Source\GithubDesktop\dk_client\Client\Packet\SocketOutputStream.h(59,65): warning C4290: 함수가 __declspec(nothrow)가 아님을 나타내려는 경우를 제외하고 C++ 예외 사양은 무시됩니다.
1>H:\Source\GithubDesktop\dk_client\Client\Packet\SocketOutputStream.h(60,65): warning C4290: 함수가 __declspec(nothrow)가 아님을 나타내려는 경우를 제외하고 C++ 예외 사양은 무시됩니다.
1>H:\Source\GithubDesktop\dk_client\Client\Packet\SocketOutputStream.h(61,65): warning C4290: 함수가 __declspec(nothrow)가 아님을 나타내려는 경우를 제외하고 C++ 예외 사양은 무시됩니다.
1>H:\Source\GithubDesktop\dk_client\Client\Packet\SocketOutputStream.h(62,65): warning C4290: 함수가 __declspec(nothrow)가 아님을 나타내려는 경우를 제외하고 C++ 예외 사양은 무시됩니다.
1>H:\Source\GithubDesktop\dk_client\Client\Packet\SocketOutputStream.h(63,65): warning C4290: 함수가 __declspec(nothrow)가 아님을 나타내려는 경우를 제외하고 C++ 예외 사양은 무시됩니다.
1>H:\Source\GithubDesktop\dk_client\Client\Packet\SocketOutputStream.h(64,65): warning C4290: 함수가 __declspec(nothrow)가 아님을 나타내려는 경우를 제외하고 C++ 예외 사양은 무시됩니다.
1>H:\Source\GithubDesktop\dk_client\Client\Packet\SocketOutputStream.h(65,65): warning C4290: 함수가 __declspec(nothrow)가 아님을 나타내려는 경우를 제외하고 C++ 예외 사양은 무시됩니다.
1>H:\Source\GithubDesktop\dk_client\Client\Packet\SocketOutputStream.h(69,65): warning C4290: 함수가 __declspec(nothrow)가 아님을 나타내려는 경우를 제외하고 C++ 예외 사양은 무시됩니다.
1>H:\Source\GithubDesktop\dk_client\Client\Packet\SocketOutputStream.h(75,44): warning C4290: 함수가 __declspec(nothrow)가 아님을 나타내려는 경우를 제외하고 C++ 예외 사양은 무시됩니다.
1>H:\Source\GithubDesktop\dk_client\Client\Packet\SocketOutputStream.h(78,55): warning C4290: 함수가 __declspec(nothrow)가 아님을 나타내려는 경우를 제외하고 C++ 예외 사양은 무시됩니다.
1>H:\Source\GithubDesktop\dk_client\Client\Packet\SocketOutputStream.h(55,77): warning C4267: '인수': 'size_t'에서 'uint'(으)로 변환하면서 데이터가 손실될 수 있습니다.
1>H:\Source\GithubDesktop\dk_client\Client\NicknameInfo.h(31,70): warning C4290: 함수가 __declspec(nothrow)가 아님을 나타내려는 경우를 제외하고 C++ 예외 사양은 무시됩니다.
1>H:\Source\GithubDesktop\dk_client\Client\NicknameInfo.h(32,78): warning C4290: 함수가 __declspec(nothrow)가 아님을 나타내려는 경우를 제외하고 C++ 예외 사양은 무시됩니다.
1>H:\Source\GithubDesktop\dk_client\Client\MCreature.h(629,1): warning C4819: 현재 코드 페이지(949)에서 표시할 수 없는 문자가 파일에 들어 있습니다. 데이터가 손실되지 않게 하려면 해당 파일을 유니코드 형식으로 저장하십시오.
1>H:\Source\GithubDesktop\dk_client\Client\MCreature.h(408,38): warning C4267: 'return': 'size_t'에서 'int'(으)로 변환하면서 데이터가 손실될 수 있습니다.
1>H:\Source\GithubDesktop\dk_client\Client\MCreature.h(409,44): warning C4267: 'return': 'size_t'에서 'int'(으)로 변환하면서 데이터가 손실될 수 있습니다.
1>H:\Source\GithubDesktop\dk_client\Client\MCreature.h(746,44): warning C4267: 'return': 'size_t'에서 'const int'(으)로 변환하면서 데이터가 손실될 수 있습니다.
1>H:\Source\GithubDesktop\dk_client\Client\SpriteLib\CSpriteSurface.h(1,1): warning C4819: 현재 코드 페이지(949)에서 표시할 수 없는 문자가 파일에 들어 있습니다. 데이터가 손실되지 않게 하려면 해당 파일을 유니코드 형식으로 저장하십시오.
1>H:\Source\GithubDesktop\dk_client\Client\SpriteLib\CSpritePack.h(1,1): warning C4819: 현재 코드 페이지(949)에서 표시할 수 없는 문자가 파일에 들어 있습니다. 데이터가 손실되지 않게 하려면 해당 파일을 유니코드 형식으로 저장하십시오.
1>H:\Source\GithubDesktop\dk_client\Client\SpriteLib\CIndexSpritePack.h(1,1): warning C4819: 현재 코드 페이지(949)에서 표시할 수 없는 문자가 파일에 들어 있습니다. 데이터가 손실되지 않게 하려면 해당 파일을 유니코드 형식으로 저장하십시오.
1>H:\Source\GithubDesktop\dk_client\Client\SpriteLib\CIndexSprite555.h(1,1): warning C4819: 현재 코드 페이지(949)에서 표시할 수 없는 문자가 파일에 들어 있습니다. 데이터가 손실되지 않게 하려면 해당 파일을 유니코드 형식으로 저장하십시오.
1>H:\Source\GithubDesktop\dk_client\Client\SpriteLib\CIndexSprite555.h(16,14): warning C4091: '': 변수를 선언하지 않으면 'std::basic_ofstream<char,std::char_traits<char>>' 왼쪽은 무시됩니다.
1>H:\Source\GithubDesktop\dk_client\Client\SpriteLib\CIndexSprite555.h(17,14): warning C4091: '': 변수를 선언하지 않으면 'std::basic_ifstream<char,std::char_traits<char>>' 왼쪽은 무시됩니다.
1>H:\Source\GithubDesktop\dk_client\Client\SpriteLib\CIndexSprite565.h(1,1): warning C4819: 현재 코드 페이지(949)에서 표시할 수 없는 문자가 파일에 들어 있습니다. 데이터가 손실되지 않게 하려면 해당 파일을 유니코드 형식으로 저장하십시오.
1>H:\Source\GithubDesktop\dk_client\Client\SpriteLib\CIndexSprite565.h(16,14): warning C4091: '': 변수를 선언하지 않으면 'std::basic_ofstream<char,std::char_traits<char>>' 왼쪽은 무시됩니다.
1>H:\Source\GithubDesktop\dk_client\Client\SpriteLib\CIndexSprite565.h(17,14): warning C4091: '': 변수를 선언하지 않으면 'std::basic_ifstream<char,std::char_traits<char>>' 왼쪽은 무시됩니다.
1>H:\Source\GithubDesktop\dk_client\Client\SpriteLib\CFilter.h(21,14): warning C4091: '': 변수를 선언하지 않으면 'std::basic_ifstream<char,std::char_traits<char>>' 왼쪽은 무시됩니다.
1>H:\Source\GithubDesktop\dk_client\Client\SpriteLib\CFilter.h(22,14): warning C4091: '': 변수를 선언하지 않으면 'std::basic_ofstream<char,std::char_traits<char>>' 왼쪽은 무시됩니다.
1>H:\Source\GithubDesktop\dk_client\Client\SpriteLib\CFileIndexTable.h(1,1): warning C4819: 현재 코드 페이지(949)에서 표시할 수 없는 문자가 파일에 들어 있습니다. 데이터가 손실되지 않게 하려면 해당 파일을 유니코드 형식으로 저장하십시오.
1>H:\Source\GithubDesktop\dk_client\Client\SpriteLib\CStorageSurface.h(1,1): warning C4819: 현재 코드 페이지(949)에서 표시할 수 없는 문자가 파일에 들어 있습니다. 데이터가 손실되지 않게 하려면 해당 파일을 유니코드 형식으로 저장하십시오.
1>H:\Source\GithubDesktop\dk_client\Client\framelib\FR.h(1,1): warning C4819: 현재 코드 페이지(949)에서 표시할 수 없는 문자가 파일에 들어 있습니다. 데이터가 손실되지 않게 하려면 해당 파일을 유니코드 형식으로 저장하십시오.
1>H:\Source\GithubDesktop\dk_client\Client\framelib\CAnimationFrameSetManager.h(1,1): warning C4819: 현재 코드 페이지(949)에서 표시할 수 없는 문자가 파일에 들어 있습니다. 데이터가 손실되지 않게 하려면 해당 파일을 유니코드 형식으로 저장하십시오.
1>H:\Source\GithubDesktop\dk_client\Client\framelib\CFrameSetManager.h(1,1): warning C4819: 현재 코드 페이지(949)에서 표시할 수 없는 문자가 파일에 들어 있습니다. 데이터가 손실되지 않게 하려면 해당 파일을 유니코드 형식으로 저장하십시오.
1>H:\Source\GithubDesktop\dk_client\Client\framelib\CCreatureFrameSetManager.h(1,1): warning C4819: 현재 코드 페이지(949)에서 표시할 수 없는 문자가 파일에 들어 있습니다. 데이터가 손실되지 않게 하려면 해당 파일을 유니코드 형식으로 저장하십시오.
1>H:\Source\GithubDesktop\dk_client\Client\framelib\CFrameSet.h(1,1): warning C4819: 현재 코드 페이지(949)에서 표시할 수 없는 문자가 파일에 들어 있습니다. 데이터가 손실되지 않게 하려면 해당 파일을 유니코드 형식으로 저장하십시오.
1>H:\Source\GithubDesktop\dk_client\Client\CSpriteTexturePartManager.h(1,1): warning C4819: 현재 코드 페이지(949)에서 표시할 수 없는 문자가 파일에 들어 있습니다. 데이터가 손실되지 않게 하려면 해당 파일을 유니코드 형식으로 저장하십시오.
1>H:\Source\GithubDesktop\dk_client\Client\CPartManager.h(1,1): warning C4819: 현재 코드 페이지(949)에서 표시할 수 없는 문자가 파일에 들어 있습니다. 데이터가 손실되지 않게 하려면 해당 파일을 유니코드 형식으로 저장하십시오.
1>H:\Source\GithubDesktop\dk_client\Client\DebugInfo.h(1,1): warning C4819: 현재 코드 페이지(949)에서 표시할 수 없는 문자가 파일에 들어 있습니다. 데이터가 손실되지 않게 하려면 해당 파일을 유니코드 형식으로 저장하십시오.
1>H:\Source\GithubDesktop\dk_client\Client\MinTr.h(1,1): warning C4819: 현재 코드 페이지(949)에서 표시할 수 없는 문자가 파일에 들어 있습니다. 데이터가 손실되지 않게 하려면 해당 파일을 유니코드 형식으로 저장하십시오.
1>H:\Source\GithubDesktop\dk_client\Client\MinTr.h(84,47): warning C4267: '=': 'size_t'에서 'DWORD'(으)로 변환하면서 데이터가 손실될 수 있습니다.
1>H:\Source\GithubDesktop\dk_client\Client\MinTr.h(108,50): warning C4267: '=': 'size_t'에서 'DWORD'(으)로 변환하면서 데이터가 손실될 수 있습니다.
1>H:\Source\GithubDesktop\dk_client\Client\MinTr.h(135,2): warning C4996: 'vsprintf': This function or variable may be unsafe. Consider using vsprintf_s instead. To disable deprecation, use _CRT_SECURE_NO_WARNINGS. See online help for details.
1>H:\Source\GithubDesktop\dk_client\Client\MinTr.h(153,47): warning C4267: '=': 'size_t'에서 'DWORD'(으)로 변환하면서 데이터가 손실될 수 있습니다.
1>H:\Source\GithubDesktop\dk_client\Client\MinTr.h(176,50): warning C4267: '=': 'size_t'에서 'DWORD'(으)로 변환하면서 데이터가 손실될 수 있습니다.
1>H:\Source\GithubDesktop\dk_client\Client\MinTr.h(204,2): warning C4996: 'vsprintf': This function or variable may be unsafe. Consider using vsprintf_s instead. To disable deprecation, use _CRT_SECURE_NO_WARNINGS. See online help for details.
1>H:\Source\GithubDesktop\dk_client\Client\MinTr.h(222,47): warning C4267: '=': 'size_t'에서 'DWORD'(으)로 변환하면서 데이터가 손실될 수 있습니다.
1>H:\Source\GithubDesktop\dk_client\Client\MinTr.h(245,50): warning C4267: '=': 'size_t'에서 'DWORD'(으)로 변환하면서 데이터가 손실될 수 있습니다.
1>H:\Source\GithubDesktop\dk_client\Client\MinTr.h(272,2): warning C4996: 'vsprintf': This function or variable may be unsafe. Consider using vsprintf_s instead. To disable deprecation, use _CRT_SECURE_NO_WARNINGS. See online help for details.
1>H:\Source\GithubDesktop\dk_client\Client\MinTr.h(292,49): warning C4267: '=': 'size_t'에서 'DWORD'(으)로 변환하면서 데이터가 손실될 수 있습니다.
1>H:\Source\GithubDesktop\dk_client\Client\MinTr.h(290,3): warning C4996: 'sprintf': This function or variable may be unsafe. Consider using sprintf_s instead. To disable deprecation, use _CRT_SECURE_NO_WARNINGS. See online help for details.
1>H:\Source\GithubDesktop\dk_client\Client\MinTr.h(336,2): warning C4996: 'vsprintf': This function or variable may be unsafe. Consider using vsprintf_s instead. To disable deprecation, use _CRT_SECURE_NO_WARNINGS. See online help for details.
1>H:\Source\GithubDesktop\dk_client\Client\MinTr.h(360,49): warning C4267: '=': 'size_t'에서 'DWORD'(으)로 변환하면서 데이터가 손실될 수 있습니다.
1>H:\Source\GithubDesktop\dk_client\Client\MinTr.h(358,3): warning C4996: 'sprintf': This function or variable may be unsafe. Consider using sprintf_s instead. To disable deprecation, use _CRT_SECURE_NO_WARNINGS. See online help for details.
1>H:\Source\GithubDesktop\dk_client\Client\MinTr.h(406,2): warning C4996: 'vsprintf': This function or variable may be unsafe. Consider using vsprintf_s instead. To disable deprecation, use _CRT_SECURE_NO_WARNINGS. See online help for details.
1>H:\Source\GithubDesktop\dk_client\Client\SpriteLib/CSpriteSurface.h(1,1): warning C4819: 현재 코드 페이지(949)에서 표시할 수 없는 문자가 파일에 들어 있습니다. 데이터가 손실되지 않게 하려면 해당 파일을 유니코드 형식으로 저장하십시오.
1>H:\Source\GithubDesktop\dk_client\Client\SpriteLib/CSpritePack.h(1,1): warning C4819: 현재 코드 페이지(949)에서 표시할 수 없는 문자가 파일에 들어 있습니다. 데이터가 손실되지 않게 하려면 해당 파일을 유니코드 형식으로 저장하십시오.
1>H:\Source\GithubDesktop\dk_client\Client\CTexturePartManager.h(1,1): warning C4819: 현재 코드 페이지(949)에서 표시할 수 없는 문자가 파일에 들어 있습니다. 데이터가 손실되지 않게 하려면 해당 파일을 유니코드 형식으로 저장하십시오.
1>H:\Source\GithubDesktop\dk_client\Client\SpriteLib/CSpriteSurface.h(1,1): warning C4819: 현재 코드 페이지(949)에서 표시할 수 없는 문자가 파일에 들어 있습니다. 데이터가 손실되지 않게 하려면 해당 파일을 유니코드 형식으로 저장하십시오.
1>H:\Source\GithubDesktop\dk_client\Client\SpriteLib/CAlphaSpritePal.h(1,1): warning C4819: 현재 코드 페이지(949)에서 표시할 수 없는 문자가 파일에 들어 있습니다. 데이터가 손실되지 않게 하려면 해당 파일을 유니코드 형식으로 저장하십시오.
1>H:\Source\GithubDesktop\dk_client\Client\CShadowPartManager.h(1,1): warning C4819: 현재 코드 페이지(949)에서 표시할 수 없는 문자가 파일에 들어 있습니다. 데이터가 손실되지 않게 하려면 해당 파일을 유니코드 형식으로 저장하십시오.
1>H:\Source\GithubDesktop\dk_client\Client\SpriteLib/CSpriteSurface.h(1,1): warning C4819: 현재 코드 페이지(949)에서 표시할 수 없는 문자가 파일에 들어 있습니다. 데이터가 손실되지 않게 하려면 해당 파일을 유니코드 형식으로 저장하십시오.
1>H:\Source\GithubDesktop\dk_client\Client\SpriteLib/CShadowSprite.h(1,1): warning C4819: 현재 코드 페이지(949)에서 표시할 수 없는 문자가 파일에 들어 있습니다. 데이터가 손실되지 않게 하려면 해당 파일을 유니코드 형식으로 저장하십시오.
1>H:\Source\GithubDesktop\dk_client\Client\DrawTextNode.h(1,1): warning C4819: 현재 코드 페이지(949)에서 표시할 수 없는 문자가 파일에 들어 있습니다. 데이터가 손실되지 않게 하려면 해당 파일을 유니코드 형식으로 저장하십시오.
1>H:\Source\GithubDesktop\dk_client\Client\DrawItemNameNode.h(1,1): warning C4819: 현재 코드 페이지(949)에서 표시할 수 없는 문자가 파일에 들어 있습니다. 데이터가 손실되지 않게 하려면 해당 파일을 유니코드 형식으로 저장하십시오.
1>H:\Source\GithubDesktop\dk_client\Client\MItem.h(1,1): warning C4819: 현재 코드 페이지(949)에서 표시할 수 없는 문자가 파일에 들어 있습니다. 데이터가 손실되지 않게 하려면 해당 파일을 유니코드 형식으로 저장하십시오.
1>H:\Source\GithubDesktop\dk_client\Client\MITemTable.h(1,1): warning C4819: 현재 코드 페이지(949)에서 표시할 수 없는 문자가 파일에 들어 있습니다. 데이터가 손실되지 않게 하려면 해당 파일을 유니코드 형식으로 저장하십시오.
1>H:\Source\GithubDesktop\dk_client\Client\SoundDef.h(1,1): warning C4819: 현재 코드 페이지(949)에서 표시할 수 없는 문자가 파일에 들어 있습니다. 데이터가 손실되지 않게 하려면 해당 파일을 유니코드 형식으로 저장하십시오.
1>H:\Source\GithubDesktop\dk_client\Client\MGridItemManager.h(1,1): warning C4819: 현재 코드 페이지(949)에서 표시할 수 없는 문자가 파일에 들어 있습니다. 데이터가 손실되지 않게 하려면 해당 파일을 유니코드 형식으로 저장하십시오.
1>H:\Source\GithubDesktop\dk_client\Client\MItemManager.h(1,1): warning C4819: 현재 코드 페이지(949)에서 표시할 수 없는 문자가 파일에 들어 있습니다. 데이터가 손실되지 않게 하려면 해당 파일을 유니코드 형식으로 저장하십시오.
1>H:\Source\GithubDesktop\dk_client\Client\MItemManager.h(52,24): warning C4267: 'return': 'size_t'에서 'int'(으)로 변환하면서 데이터가 손실될 수 있습니다.
1>H:\Source\GithubDesktop\dk_client\Client\MSlotItemManager.h(1,1): warning C4819: 현재 코드 페이지(949)에서 표시할 수 없는 문자가 파일에 들어 있습니다. 데이터가 손실되지 않게 하려면 해당 파일을 유니코드 형식으로 저장하십시오.
1>H:\Source\GithubDesktop\dk_client\Client\ItemClassDef.h(1,1): warning C4819: 현재 코드 페이지(949)에서 표시할 수 없는 문자가 파일에 들어 있습니다. 데이터가 손실되지 않게 하려면 해당 파일을 유니코드 형식으로 저장하십시오.
1>H:\Source\GithubDesktop\dk_client\Client\MItem.h(169,49): warning C4267: 'return': 'size_t'에서 'int'(으)로 변환하면서 데이터가 손실될 수 있습니다.
1>H:\Source\GithubDesktop\dk_client\Client\MItem.h(174,49): warning C4267: 'return': 'size_t'에서 'int'(으)로 변환하면서 데이터가 손실될 수 있습니다.
1>H:\Source\GithubDesktop\dk_client\Client\MItem.h(757,1): warning C4819: 현재 코드 페이지(949)에서 표시할 수 없는 문자가 파일에 들어 있습니다. 데이터가 손실되지 않게 하려면 해당 파일을 유니코드 형식으로 저장하십시오.
1>H:\Source\GithubDesktop\dk_client\Client\MItem.h(1690,1): warning C4819: 현재 코드 페이지(949)에서 표시할 수 없는 문자가 파일에 들어 있습니다. 데이터가 손실되지 않게 하려면 해당 파일을 유니코드 형식으로 저장하십시오.
1>H:\Source\GithubDesktop\dk_client\Client\MItem.h(2631,1): warning C4819: 현재 코드 페이지(949)에서 표시할 수 없는 문자가 파일에 들어 있습니다. 데이터가 손실되지 않게 하려면 해당 파일을 유니코드 형식으로 저장하십시오.
1>H:\Source\GithubDesktop\dk_client\Client\SpriteLib/CIndexSpritePack.h(1,1): warning C4819: 현재 코드 페이지(949)에서 표시할 수 없는 문자가 파일에 들어 있습니다. 데이터가 손실되지 않게 하려면 해당 파일을 유니코드 형식으로 저장하십시오.
1>H:\Source\GithubDesktop\dk_client\Client\SpriteLib/CFilterPack.h(1,1): warning C4819: 현재 코드 페이지(949)에서 표시할 수 없는 문자가 파일에 들어 있습니다. 데이터가 손실되지 않게 하려면 해당 파일을 유니코드 형식으로 저장하십시오.
1>H:\Source\GithubDesktop\dk_client\Client\SpriteLib/CSpriteSurface.h(1,1): warning C4819: 현재 코드 페이지(949)에서 표시할 수 없는 문자가 파일에 들어 있습니다. 데이터가 손실되지 않게 하려면 해당 파일을 유니코드 형식으로 저장하십시오.
1>H:\Source\GithubDesktop\dk_client\Client\SpriteLib/CSpritePack.h(1,1): warning C4819: 현재 코드 페이지(949)에서 표시할 수 없는 문자가 파일에 들어 있습니다. 데이터가 손실되지 않게 하려면 해당 파일을 유니코드 형식으로 저장하십시오.
1>H:\Source\GithubDesktop\dk_client\Client\MTopView.h(688,1): warning C4819: 현재 코드 페이지(949)에서 표시할 수 없는 문자가 파일에 들어 있습니다. 데이터가 손실되지 않게 하려면 해당 파일을 유니코드 형식으로 저장하십시오.
1>H:\Source\GithubDesktop\dk_client\Client\MInventory.h(1,1): warning C4819: 현재 코드 페이지(949)에서 표시할 수 없는 문자가 파일에 들어 있습니다. 데이터가 손실되지 않게 하려면 해당 파일을 유니코드 형식으로 저장하십시오.
1>H:\Source\GithubDesktop\dk_client\Client\MEffectGeneratorTable.h(1,1): warning C4819: 현재 코드 페이지(949)에서 표시할 수 없는 문자가 파일에 들어 있습니다. 데이터가 손실되지 않게 하려면 해당 파일을 유니코드 형식으로 저장하십시오.
1>H:\Source\GithubDesktop\dk_client\Client\MEffectGenerator.h(1,1): warning C4819: 현재 코드 페이지(949)에서 표시할 수 없는 문자가 파일에 들어 있습니다. 데이터가 손실되지 않게 하려면 해당 파일을 유니코드 형식으로 저장하십시오.
1>H:\Source\GithubDesktop\dk_client\Client\MEffectGeneratorDef.h(1,1): warning C4819: 현재 코드 페이지(949)에서 표시할 수 없는 문자가 파일에 들어 있습니다. 데이터가 손실되지 않게 하려면 해당 파일을 유니코드 형식으로 저장하십시오.
1>H:\Source\GithubDesktop\dk_client\Client\MEffectManager.h(40,29): warning C4267: 'return': 'size_t'에서 'int'(으)로 변환하면서 데이터가 손실될 수 있습니다.
1>H:\Source\GithubDesktop\dk_client\Client\MScreenEffect.h(1,1): warning C4819: 현재 코드 페이지(949)에서 표시할 수 없는 문자가 파일에 들어 있습니다. 데이터가 손실되지 않게 하려면 해당 파일을 유니코드 형식으로 저장하십시오.
1>H:\Source\GithubDesktop\dk_client\Client\UserInformation.h(1,1): warning C4819: 현재 코드 페이지(949)에서 표시할 수 없는 문자가 파일에 들어 있습니다. 데이터가 손실되지 않게 하려면 해당 파일을 유니코드 형식으로 저장하십시오.
1>H:\Source\GithubDesktop\dk_client\Client\UIFunction.h(1,1): warning C4819: 현재 코드 페이지(949)에서 표시할 수 없는 문자가 파일에 들어 있습니다. 데이터가 손실되지 않게 하려면 해당 파일을 유니코드 형식으로 저장하십시오.
1>H:\Source\GithubDesktop\dk_client\Client\DebugInfo.h(1,1): warning C4819: 현재 코드 페이지(949)에서 표시할 수 없는 문자가 파일에 들어 있습니다. 데이터가 손실되지 않게 하려면 해당 파일을 유니코드 형식으로 저장하십시오.
1>H:\Source\GithubDesktop\dk_client\Client\MPlayer.h(1,1): warning C4819: 현재 코드 페이지(949)에서 표시할 수 없는 문자가 파일에 들어 있습니다. 데이터가 손실되지 않게 하려면 해당 파일을 유니코드 형식으로 저장하십시오.
1>H:\Source\GithubDesktop\dk_client\Client\MCreatureWear.h(1,1): warning C4819: 현재 코드 페이지(949)에서 표시할 수 없는 문자가 파일에 들어 있습니다. 데이터가 손실되지 않게 하려면 해당 파일을 유니코드 형식으로 저장하십시오.
1>H:\Source\GithubDesktop\dk_client\Client\DXLib\CDirectDrawSurface.h(1,1): warning C4819: 현재 코드 페이지(949)에서 표시할 수 없는 문자가 파일에 들어 있습니다. 데이터가 손실되지 않게 하려면 해당 파일을 유니코드 형식으로 저장하십시오.
1>H:\Source\GithubDesktop\dk_client\Client\DXLib\CDirectSound.h(1,1): warning C4819: 현재 코드 페이지(949)에서 표시할 수 없는 문자가 파일에 들어 있습니다. 데이터가 손실되지 않게 하려면 해당 파일을 유니코드 형식으로 저장하십시오.
1>H:\Source\GithubDesktop\dk_client\Client\DXLib\CDirectSoundStream.h(1,1): warning C4819: 현재 코드 페이지(949)에서 표시할 수 없는 문자가 파일에 들어 있습니다. 데이터가 손실되지 않게 하려면 해당 파일을 유니코드 형식으로 저장하십시오.
1>H:\Source\GithubDesktop\dk_client\Client\DXLib\CDirectMusic.h(1,1): warning C4819: 현재 코드 페이지(949)에서 표시할 수 없는 문자가 파일에 들어 있습니다. 데이터가 손실되지 않게 하려면 해당 파일을 유니코드 형식으로 저장하십시오.
1>H:\Source\GithubDesktop\dk_client\Client\DXLib\CDirectMusic.h(28,2): warning C4091: 'typedef ': 변수를 선언하지 않으면 'DIRECTMUSIC_TYPE' 왼쪽은 무시됩니다.
1>H:\Source\GithubDesktop\dk_client\Client\DXLib\CDirectInput.h(1,1): warning C4819: 현재 코드 페이지(949)에서 표시할 수 없는 문자가 파일에 들어 있습니다. 데이터가 손실되지 않게 하려면 해당 파일을 유니코드 형식으로 저장하십시오.
1>H:\Source\GithubDesktop\dk_client\basic\GL_import.h(1,1): warning C4819: 현재 코드 페이지(949)에서 표시할 수 없는 문자가 파일에 들어 있습니다. 데이터가 손실되지 않게 하려면 해당 파일을 유니코드 형식으로 저장하십시오.
1>H:\Source\GithubDesktop\dk_client\VS_UI\src\hangul\CI.h(1,1): warning C4819: 현재 코드 페이지(949)에서 표시할 수 없는 문자가 파일에 들어 있습니다. 데이터가 손실되지 않게 하려면 해당 파일을 유니코드 형식으로 저장하십시오.
1>H:\Source\GithubDesktop\dk_client\VS_UI\src\widget\u_window.h(505,37): warning C4267: 'return': 'size_t'에서 'int'(으)로 변환하면서 데이터가 손실될 수 있습니다.
1>H:\Source\GithubDesktop\dk_client\Client\SpriteLib\CSpriteSurface.h(1,1): warning C4819: 현재 코드 페이지(949)에서 표시할 수 없는 문자가 파일에 들어 있습니다. 데이터가 손실되지 않게 하려면 해당 파일을 유니코드 형식으로 저장하십시오.
1>H:\Source\GithubDesktop\dk_client\basic\Directory.h(1,1): warning C4819: 현재 코드 페이지(949)에서 표시할 수 없는 문자가 파일에 들어 있습니다. 데이터가 손실되지 않게 하려면 해당 파일을 유니코드 형식으로 저장하십시오.
1>H:\Source\GithubDesktop\dk_client\Client\ClientFunction.cpp(452,35): error C2039: 'GammaBox565': 'CSpriteSurface'의 멤버가 아닙니다.
1>H:\Source\GithubDesktop\dk_client\Client\SpriteLib\CStorageSurface.h(21): message : 'CSpriteSurface' 선언을 참조하십시오.
1>H:\Source\GithubDesktop\dk_client\Client\ClientFunction.cpp(457,35): error C2039: 'GammaBox555': 'CSpriteSurface'의 멤버가 아닙니다.
1>H:\Source\GithubDesktop\dk_client\Client\SpriteLib\CStorageSurface.h(21): message : 'CSpriteSurface' 선언을 참조하십시오.
1>MItem.cpp
1>H:\Source\GithubDesktop\dk_client\Client\MItem.cpp(1,1): warning C4819: 현재 코드 페이지(949)에서 표시할 수 없는 문자가 파일에 들어 있습니다. 데이터가 손실되지 않게 하려면 해당 파일을 유니코드 형식으로 저장하십시오.
1>H:\Source\GithubDesktop\dk_client\Client\Packet/Exception.h(1,1): warning C4819: 현재 코드 페이지(949)에서 표시할 수 없는 문자가 파일에 들어 있습니다. 데이터가 손실되지 않게 하려면 해당 파일을 유니코드 형식으로 저장하십시오.
1>H:\Source\GithubDesktop\dk_client\Client\Packet\types/PlayerTypes.h(1,1): warning C4819: 현재 코드 페이지(949)에서 표시할 수 없는 문자가 파일에 들어 있습니다. 데이터가 손실되지 않게 하려면 해당 파일을 유니코드 형식으로 저장하십시오.
1>H:\Source\GithubDesktop\dk_client\Client\Packet\types/CreatureTypes.h(1,1): warning C4819: 현재 코드 페이지(949)에서 표시할 수 없는 문자가 파일에 들어 있습니다. 데이터가 손실되지 않게 하려면 해당 파일을 유니코드 형식으로 저장하십시오.
1>H:\Source\GithubDesktop\dk_client\Client\Packet\types\ModifyDef.h(1,1): warning C4819: 현재 코드 페이지(949)에서 표시할 수 없는 문자가 파일에 들어 있습니다. 데이터가 손실되지 않게 하려면 해당 파일을 유니코드 형식으로 저장하십시오.
1>H:\Source\GithubDesktop\dk_client\Client\Packet\types/ItemTypes.h(1,1): warning C4819: 현재 코드 페이지(949)에서 표시할 수 없는 문자가 파일에 들어 있습니다. 데이터가 손실되지 않게 하려면 해당 파일을 유니코드 형식으로 저장하십시오.
1>H:\Source\GithubDesktop\dk_client\Client\Packet\types/ZoneTypes.h(1,1): warning C4819: 현재 코드 페이지(949)에서 표시할 수 없는 문자가 파일에 들어 있습니다. 데이터가 손실되지 않게 하려면 해당 파일을 유니코드 형식으로 저장하십시오.
1>H:\Source\GithubDesktop\dk_client\Client\Packet\types/ShopTypes.h(1,1): warning C4819: 현재 코드 페이지(949)에서 표시할 수 없는 문자가 파일에 들어 있습니다. 데이터가 손실되지 않게 하려면 해당 파일을 유니코드 형식으로 저장하십시오.
1>H:\Source\GithubDesktop\dk_client\Client\Packet\types/GuildTypes.h(1,1): warning C4819: 현재 코드 페이지(949)에서 표시할 수 없는 문자가 파일에 들어 있습니다. 데이터가 손실되지 않게 하려면 해당 파일을 유니코드 형식으로 저장하십시오.
1>H:\Source\GithubDesktop\dk_client\Client\MItem.h(1,1): warning C4819: 현재 코드 페이지(949)에서 표시할 수 없는 문자가 파일에 들어 있습니다. 데이터가 손실되지 않게 하려면 해당 파일을 유니코드 형식으로 저장하십시오.
1>H:\Source\GithubDesktop\dk_client\Client\MObject.h(1,1): warning C4819: 현재 코드 페이지(949)에서 표시할 수 없는 문자가 파일에 들어 있습니다. 데이터가 손실되지 않게 하려면 해당 파일을 유니코드 형식으로 저장하십시오.
1>H:\Source\GithubDesktop\dk_client\Client\MTypeDef.h(1,1): warning C4819: 현재 코드 페이지(949)에서 표시할 수 없는 문자가 파일에 들어 있습니다. 데이터가 손실되지 않게 하려면 해당 파일을 유니코드 형식으로 저장하십시오.
1>H:\Source\GithubDesktop\dk_client\Client\MITemTable.h(1,1): warning C4819: 현재 코드 페이지(949)에서 표시할 수 없는 문자가 파일에 들어 있습니다. 데이터가 손실되지 않게 하려면 해당 파일을 유니코드 형식으로 저장하십시오.
1>H:\Source\GithubDesktop\dk_client\Client\CTypeTable.h(1,1): warning C4819: 현재 코드 페이지(949)에서 표시할 수 없는 문자가 파일에 들어 있습니다. 데이터가 손실되지 않게 하려면 해당 파일을 유니코드 형식으로 저장하십시오.
1>H:\Source\GithubDesktop\dk_client\Client\SoundDef.h(1,1): warning C4819: 현재 코드 페이지(949)에서 표시할 수 없는 문자가 파일에 들어 있습니다. 데이터가 손실되지 않게 하려면 해당 파일을 유니코드 형식으로 저장하십시오.
1>H:\Source\GithubDesktop\dk_client\Client\MGridItemManager.h(1,1): warning C4819: 현재 코드 페이지(949)에서 표시할 수 없는 문자가 파일에 들어 있습니다. 데이터가 손실되지 않게 하려면 해당 파일을 유니코드 형식으로 저장하십시오.
1>H:\Source\GithubDesktop\dk_client\Client\MItemManager.h(1,1): warning C4819: 현재 코드 페이지(949)에서 표시할 수 없는 문자가 파일에 들어 있습니다. 데이터가 손실되지 않게 하려면 해당 파일을 유니코드 형식으로 저장하십시오.
1>H:\Source\GithubDesktop\dk_client\Client\MItemManager.h(52,24): warning C4267: 'return': 'size_t'에서 'int'(으)로 변환하면서 데이터가 손실될 수 있습니다.
1>H:\Source\GithubDesktop\dk_client\Client\MSlotItemManager.h(1,1): warning C4819: 현재 코드 페이지(949)에서 표시할 수 없는 문자가 파일에 들어 있습니다. 데이터가 손실되지 않게 하려면 해당 파일을 유니코드 형식으로 저장하십시오.
1>H:\Source\GithubDesktop\dk_client\Client\ItemClassDef.h(1,1): warning C4819: 현재 코드 페이지(949)에서 표시할 수 없는 문자가 파일에 들어 있습니다. 데이터가 손실되지 않게 하려면 해당 파일을 유니코드 형식으로 저장하십시오.
1>H:\Source\GithubDesktop\dk_client\Client\framelib\CAnimationFrame.h(1,1): warning C4819: 현재 코드 페이지(949)에서 표시할 수 없는 문자가 파일에 들어 있습니다. 데이터가 손실되지 않게 하려면 해당 파일을 유니코드 형식으로 저장하십시오.
1>H:\Source\GithubDesktop\dk_client\Client\MItem.h(169,49): warning C4267: 'return': 'size_t'에서 'int'(으)로 변환하면서 데이터가 손실될 수 있습니다.
1>H:\Source\GithubDesktop\dk_client\Client\MItem.h(174,49): warning C4267: 'return': 'size_t'에서 'int'(으)로 변환하면서 데이터가 손실될 수 있습니다.
1>H:\Source\GithubDesktop\dk_client\Client\MItem.h(757,1): warning C4819: 현재 코드 페이지(949)에서 표시할 수 없는 문자가 파일에 들어 있습니다. 데이터가 손실되지 않게 하려면 해당 파일을 유니코드 형식으로 저장하십시오.
1>H:\Source\GithubDesktop\dk_client\Client\MItem.h(1690,1): warning C4819: 현재 코드 페이지(949)에서 표시할 수 없는 문자가 파일에 들어 있습니다. 데이터가 손실되지 않게 하려면 해당 파일을 유니코드 형식으로 저장하십시오.
1>H:\Source\GithubDesktop\dk_client\Client\MItem.h(2631,1): warning C4819: 현재 코드 페이지(949)에서 표시할 수 없는 문자가 파일에 들어 있습니다. 데이터가 손실되지 않게 하려면 해당 파일을 유니코드 형식으로 저장하십시오.
1>H:\Source\GithubDesktop\dk_client\Client\MItemOptionTable.h(1,1): warning C4819: 현재 코드 페이지(949)에서 표시할 수 없는 문자가 파일에 들어 있습니다. 데이터가 손실되지 않게 하려면 해당 파일을 유니코드 형식으로 저장하십시오.
1>H:\Source\GithubDesktop\dk_client\Client\UserInformation.h(1,1): warning C4819: 현재 코드 페이지(949)에서 표시할 수 없는 문자가 파일에 들어 있습니다. 데이터가 손실되지 않게 하려면 해당 파일을 유니코드 형식으로 저장하십시오.
1>H:\Source\GithubDesktop\dk_client\Client\ClientConfig.h(1,1): warning C4819: 현재 코드 페이지(949)에서 표시할 수 없는 문자가 파일에 들어 있습니다. 데이터가 손실되지 않게 하려면 해당 파일을 유니코드 형식으로 저장하십시오.
1>H:\Source\GithubDesktop\dk_client\Client\MTimeItemManager.h(1,1): warning C4819: 현재 코드 페이지(949)에서 표시할 수 없는 문자가 파일에 들어 있습니다. 데이터가 손실되지 않게 하려면 해당 파일을 유니코드 형식으로 저장하십시오.
1>H:\Source\GithubDesktop\dk_client\Client\MGameStringTable.h(1,1): warning C4819: 현재 코드 페이지(949)에서 표시할 수 없는 문자가 파일에 들어 있습니다. 데이터가 손실되지 않게 하려면 해당 파일을 유니코드 형식으로 저장하십시오.
1>H:\Source\GithubDesktop\dk_client\Client\MGameStringTable.h(486,1): warning C4819: 현재 코드 페이지(949)에서 표시할 수 없는 문자가 파일에 들어 있습니다. 데이터가 손실되지 않게 하려면 해당 파일을 유니코드 형식으로 저장하십시오.
1>H:\Source\GithubDesktop\dk_client\Client\MGameStringTable.h(921,1): warning C4819: 현재 코드 페이지(949)에서 표시할 수 없는 문자가 파일에 들어 있습니다. 데이터가 손실되지 않게 하려면 해당 파일을 유니코드 형식으로 저장하십시오.
1>H:\Source\GithubDesktop\dk_client\Client\MGameStringTable.h(1315,1): warning C4819: 현재 코드 페이지(949)에서 표시할 수 없는 문자가 파일에 들어 있습니다. 데이터가 손실되지 않게 하려면 해당 파일을 유니코드 형식으로 저장하십시오.
1>H:\Source\GithubDesktop\dk_client\Client\MGameStringTable.h(1728,1): warning C4819: 현재 코드 페이지(949)에서 표시할 수 없는 문자가 파일에 들어 있습니다. 데이터가 손실되지 않게 하려면 해당 파일을 유니코드 형식으로 저장하십시오.
1>H:\Source\GithubDesktop\dk_client\Client\MCreatureTable.h(1,1): warning C4819: 현재 코드 페이지(949)에서 표시할 수 없는 문자가 파일에 들어 있습니다. 데이터가 손실되지 않게 하려면 해당 파일을 유니코드 형식으로 저장하십시오.
1>H:\Source\GithubDesktop\dk_client\Client\MFakeCreature.h(1,1): warning C4819: 현재 코드 페이지(949)에서 표시할 수 없는 문자가 파일에 들어 있습니다. 데이터가 손실되지 않게 하려면 해당 파일을 유니코드 형식으로 저장하십시오.
1>H:\Source\GithubDesktop\dk_client\Client\MCreatureWear.h(1,1): warning C4819: 현재 코드 페이지(949)에서 표시할 수 없는 문자가 파일에 들어 있습니다. 데이터가 손실되지 않게 하려면 해당 파일을 유니코드 형식으로 저장하십시오.
1>H:\Source\GithubDesktop\dk_client\Client\MCreature.h(1,1): warning C4819: 현재 코드 페이지(949)에서 표시할 수 없는 문자가 파일에 들어 있습니다. 데이터가 손실되지 않게 하려면 해당 파일을 유니코드 형식으로 저장하십시오.
1>H:\Source\GithubDesktop\dk_client\Client\MAttachEffect.h(1,1): warning C4819: 현재 코드 페이지(949)에서 표시할 수 없는 문자가 파일에 들어 있습니다. 데이터가 손실되지 않게 하려면 해당 파일을 유니코드 형식으로 저장하십시오.
1>H:\Source\GithubDesktop\dk_client\Client\MMovingEffect.h(1,1): warning C4819: 현재 코드 페이지(949)에서 표시할 수 없는 문자가 파일에 들어 있습니다. 데이터가 손실되지 않게 하려면 해당 파일을 유니코드 형식으로 저장하십시오.
1>H:\Source\GithubDesktop\dk_client\Client\MEffect.h(1,1): warning C4819: 현재 코드 페이지(949)에서 표시할 수 없는 문자가 파일에 들어 있습니다. 데이터가 손실되지 않게 하려면 해당 파일을 유니코드 형식으로 저장하십시오.
1>H:\Source\GithubDesktop\dk_client\Client\MEffectTarget.h(1,1): warning C4819: 현재 코드 페이지(949)에서 표시할 수 없는 문자가 파일에 들어 있습니다. 데이터가 손실되지 않게 하려면 해당 파일을 유니코드 형식으로 저장하십시오.
1>H:\Source\GithubDesktop\dk_client\Client\MActionResult.h(1,1): warning C4819: 현재 코드 페이지(949)에서 표시할 수 없는 문자가 파일에 들어 있습니다. 데이터가 손실되지 않게 하려면 해당 파일을 유니코드 형식으로 저장하십시오.
1>H:\Source\GithubDesktop\dk_client\Client\MStatus.h(1,1): warning C4819: 현재 코드 페이지(949)에서 표시할 수 없는 문자가 파일에 들어 있습니다. 데이터가 손실되지 않게 하려면 해당 파일을 유니코드 형식으로 저장하십시오.
1>H:\Source\GithubDesktop\dk_client\Client\MActionResultDef.h(1,1): warning C4819: 현재 코드 페이지(949)에서 표시할 수 없는 문자가 파일에 들어 있습니다. 데이터가 손실되지 않게 하려면 해당 파일을 유니코드 형식으로 저장하십시오.
1>H:\Source\GithubDesktop\dk_client\Client\MEffectStatusDef.h(1,1): warning C4819: 현재 코드 페이지(949)에서 표시할 수 없는 문자가 파일에 들어 있습니다. 데이터가 손실되지 않게 하려면 해당 파일을 유니코드 형식으로 저장하십시오.
1>H:\Source\GithubDesktop\dk_client\Client\MActionResult.h(727,26): warning C4267: 'return': 'size_t'에서 'int'(으)로 변환하면서 데이터가 손실될 수 있습니다.
1>H:\Source\GithubDesktop\dk_client\Client\framelib/CFramePack.h(1,1): warning C4819: 현재 코드 페이지(949)에서 표시할 수 없는 문자가 파일에 들어 있습니다. 데이터가 손실되지 않게 하려면 해당 파일을 유니코드 형식으로 저장하십시오.
1>H:\Source\GithubDesktop\dk_client\Client\framelib\CFrame.h(1,1): warning C4819: 현재 코드 페이지(949)에서 표시할 수 없는 문자가 파일에 들어 있습니다. 데이터가 손실되지 않게 하려면 해당 파일을 유니코드 형식으로 저장하십시오.
1>H:\Source\GithubDesktop\dk_client\Client\framelib\TArray.h(1,1): warning C4819: 현재 코드 페이지(949)에서 표시할 수 없는 문자가 파일에 들어 있습니다. 데이터가 손실되지 않게 하려면 해당 파일을 유니코드 형식으로 저장하십시오.
1>H:\Source\GithubDesktop\dk_client\Client\SpriteLib/CSpritePack.h(1,1): warning C4819: 현재 코드 페이지(949)에서 표시할 수 없는 문자가 파일에 들어 있습니다. 데이터가 손실되지 않게 하려면 해당 파일을 유니코드 형식으로 저장하십시오.
1>H:\Source\GithubDesktop\dk_client\Client\SpriteLib\CSpriteSetManager.h(1,1): warning C4819: 현재 코드 페이지(949)에서 표시할 수 없는 문자가 파일에 들어 있습니다. 데이터가 손실되지 않게 하려면 해당 파일을 유니코드 형식으로 저장하십시오.
1>H:\Source\GithubDesktop\dk_client\Client\SpriteLib\CSetManager.h(1,1): warning C4819: 현재 코드 페이지(949)에서 표시할 수 없는 문자가 파일에 들어 있습니다. 데이터가 손실되지 않게 하려면 해당 파일을 유니코드 형식으로 저장하십시오.
1>H:\Source\GithubDesktop\dk_client\Client\COrderedList.h(1,1): warning C4819: 현재 코드 페이지(949)에서 표시할 수 없는 문자가 파일에 들어 있습니다. 데이터가 손실되지 않게 하려면 해당 파일을 유니코드 형식으로 저장하십시오.
1>H:\Source\GithubDesktop\dk_client\Client\SpriteLib\CSprite555.h(1,1): warning C4819: 현재 코드 페이지(949)에서 표시할 수 없는 문자가 파일에 들어 있습니다. 데이터가 손실되지 않게 하려면 해당 파일을 유니코드 형식으로 저장하십시오.
1>H:\Source\GithubDesktop\dk_client\Client\SpriteLib\CSprite555.h(16,14): warning C4091: '': 변수를 선언하지 않으면 'std::basic_ofstream<char,std::char_traits<char>>' 왼쪽은 무시됩니다.
1>H:\Source\GithubDesktop\dk_client\Client\SpriteLib\CSprite555.h(17,14): warning C4091: '': 변수를 선언하지 않으면 'std::basic_ifstream<char,std::char_traits<char>>' 왼쪽은 무시됩니다.
1>H:\Source\GithubDesktop\dk_client\Client\SpriteLib\CSpriteSurface.h(1,1): warning C4819: 현재 코드 페이지(949)에서 표시할 수 없는 문자가 파일에 들어 있습니다. 데이터가 손실되지 않게 하려면 해당 파일을 유니코드 형식으로 저장하십시오.
1>H:\Source\GithubDesktop\dk_client\Client\SpriteLib\CSpriteSurface.h(50,1): warning C4005: 'SPRITESURFACE_STANDALONE': 매크로 재정의
1>H:\Source\GithubDesktop\dk_client\Client\MItem.cpp : message : 'SPRITESURFACE_STANDALONE'의 이전 정의를 참조하십시오.
1>H:\Source\GithubDesktop\dk_client\Client\SpriteLib\CAlphaSpritePal.h(1,1): warning C4819: 현재 코드 페이지(949)에서 표시할 수 없는 문자가 파일에 들어 있습니다. 데이터가 손실되지 않게 하려면 해당 파일을 유니코드 형식으로 저장하십시오.
1>H:\Source\GithubDesktop\dk_client\Client\SpriteLib\CSpriteDef.h(1,1): warning C4819: 현재 코드 페이지(949)에서 표시할 수 없는 문자가 파일에 들어 있습니다. 데이터가 손실되지 않게 하려면 해당 파일을 유니코드 형식으로 저장하십시오.
1>H:\Source\GithubDesktop\dk_client\Client\SpriteLib\TArray.h(1,1): warning C4819: 현재 코드 페이지(949)에서 표시할 수 없는 문자가 파일에 들어 있습니다. 데이터가 손실되지 않게 하려면 해당 파일을 유니코드 형식으로 저장하십시오.
1>H:\Source\GithubDesktop\dk_client\Client\SpriteLib\CSpriteDef.h(14,14): warning C4091: '': 변수를 선언하지 않으면 'std::basic_ifstream<char,std::char_traits<char>>' 왼쪽은 무시됩니다.
1>H:\Source\GithubDesktop\dk_client\Client\SpriteLib\CSpriteDef.h(15,14): warning C4091: '': 변수를 선언하지 않으면 'std::basic_ofstream<char,std::char_traits<char>>' 왼쪽은 무시됩니다.
1>H:\Source\GithubDesktop\dk_client\Client\SpriteLib\CSprite.h(29,14): warning C4091: '': 변수를 선언하지 않으면 'std::basic_ofstream<char,std::char_traits<char>>' 왼쪽은 무시됩니다.
1>H:\Source\GithubDesktop\dk_client\Client\SpriteLib\CSprite.h(30,14): warning C4091: '': 변수를 선언하지 않으면 'std::basic_ifstream<char,std::char_traits<char>>' 왼쪽은 무시됩니다.
1>H:\Source\GithubDesktop\dk_client\Client\SpriteLib\CSprite565.h(1,1): warning C4819: 현재 코드 페이지(949)에서 표시할 수 없는 문자가 파일에 들어 있습니다. 데이터가 손실되지 않게 하려면 해당 파일을 유니코드 형식으로 저장하십시오.
1>H:\Source\GithubDesktop\dk_client\Client\SpriteLib\CSprite565.h(16,14): warning C4091: '': 변수를 선언하지 않으면 'std::basic_ofstream<char,std::char_traits<char>>' 왼쪽은 무시됩니다.
1>H:\Source\GithubDesktop\dk_client\Client\SpriteLib\CSprite565.h(17,14): warning C4091: '': 변수를 선언하지 않으면 'std::basic_ifstream<char,std::char_traits<char>>' 왼쪽은 무시됩니다.
1>H:\Source\GithubDesktop\dk_client\Client\SpriteLib/CAlphaSpritePack.h(1,1): warning C4819: 현재 코드 페이지(949)에서 표시할 수 없는 문자가 파일에 들어 있습니다. 데이터가 손실되지 않게 하려면 해당 파일을 유니코드 형식으로 저장하십시오.
1>H:\Source\GithubDesktop\dk_client\Client\SpriteLib\CAlphaSprite565.h(1,1): warning C4819: 현재 코드 페이지(949)에서 표시할 수 없는 문자가 파일에 들어 있습니다. 데이터가 손실되지 않게 하려면 해당 파일을 유니코드 형식으로 저장하십시오.
1>H:\Source\GithubDesktop\dk_client\Client\SpriteLib\CAlphaSprite565.h(16,14): warning C4091: '': 변수를 선언하지 않으면 'std::basic_ofstream<char,std::char_traits<char>>' 왼쪽은 무시됩니다.
1>H:\Source\GithubDesktop\dk_client\Client\SpriteLib\CAlphaSprite565.h(17,14): warning C4091: '': 변수를 선언하지 않으면 'std::basic_ifstream<char,std::char_traits<char>>' 왼쪽은 무시됩니다.
1>H:\Source\GithubDesktop\dk_client\Client\SpriteLib\CAlphaSprite.h(1,1): warning C4819: 현재 코드 페이지(949)에서 표시할 수 없는 문자가 파일에 들어 있습니다. 데이터가 손실되지 않게 하려면 해당 파일을 유니코드 형식으로 저장하십시오.
1>H:\Source\GithubDesktop\dk_client\Client\SpriteLib\CAlphaSprite.h(19,14): warning C4091: '': 변수를 선언하지 않으면 'std::basic_ofstream<char,std::char_traits<char>>' 왼쪽은 무시됩니다.
1>H:\Source\GithubDesktop\dk_client\Client\SpriteLib\CAlphaSprite.h(20,14): warning C4091: '': 변수를 선언하지 않으면 'std::basic_ifstream<char,std::char_traits<char>>' 왼쪽은 무시됩니다.
1>H:\Source\GithubDesktop\dk_client\Client\SpriteLib\CAlphaSprite555.h(1,1): warning C4819: 현재 코드 페이지(949)에서 표시할 수 없는 문자가 파일에 들어 있습니다. 데이터가 손실되지 않게 하려면 해당 파일을 유니코드 형식으로 저장하십시오.
1>H:\Source\GithubDesktop\dk_client\Client\SpriteLib\CAlphaSprite555.h(16,14): warning C4091: '': 변수를 선언하지 않으면 'std::basic_ofstream<char,std::char_traits<char>>' 왼쪽은 무시됩니다.
1>H:\Source\GithubDesktop\dk_client\Client\SpriteLib\CAlphaSprite555.h(17,14): warning C4091: '': 변수를 선언하지 않으면 'std::basic_ifstream<char,std::char_traits<char>>' 왼쪽은 무시됩니다.
1>H:\Source\GithubDesktop\dk_client\Client\SpriteLib\CAlphaSprite.h(1,1): warning C4819: 현재 코드 페이지(949)에서 표시할 수 없는 문자가 파일에 들어 있습니다. 데이터가 손실되지 않게 하려면 해당 파일을 유니코드 형식으로 저장하십시오.
1>H:\Source\GithubDesktop\dk_client\Client\SpriteLib/CShadowSprite.h(1,1): warning C4819: 현재 코드 페이지(949)에서 표시할 수 없는 문자가 파일에 들어 있습니다. 데이터가 손실되지 않게 하려면 해당 파일을 유니코드 형식으로 저장하십시오.
1>H:\Source\GithubDesktop\dk_client\Client\SpriteLib\CSpriteDef.h(1,1): warning C4819: 현재 코드 페이지(949)에서 표시할 수 없는 문자가 파일에 들어 있습니다. 데이터가 손실되지 않게 하려면 해당 파일을 유니코드 형식으로 저장하십시오.
1>H:\Source\GithubDesktop\dk_client\Client\SpriteLib\CIndexSprite.h(1,1): warning C4819: 현재 코드 페이지(949)에서 표시할 수 없는 문자가 파일에 들어 있습니다. 데이터가 손실되지 않게 하려면 해당 파일을 유니코드 형식으로 저장하십시오.
1>H:\Source\GithubDesktop\dk_client\Client\MActionInfoTable.h(1,1): warning C4819: 현재 코드 페이지(949)에서 표시할 수 없는 문자가 파일에 들어 있습니다. 데이터가 손실되지 않게 하려면 해당 파일을 유니코드 형식으로 저장하십시오.
1>H:\Source\GithubDesktop\dk_client\Client\MActionInfoTable.h(584,1): warning C4819: 현재 코드 페이지(949)에서 표시할 수 없는 문자가 파일에 들어 있습니다. 데이터가 손실되지 않게 하려면 해당 파일을 유니코드 형식으로 저장하십시오.
1>H:\Source\GithubDesktop\dk_client\Client\MCreatureSpriteTable.h(1,1): warning C4819: 현재 코드 페이지(949)에서 표시할 수 없는 문자가 파일에 들어 있습니다. 데이터가 손실되지 않게 하려면 해당 파일을 유니코드 형식으로 저장하십시오.
1>H:\Source\GithubDesktop\dk_client\Client\MEffectStatusTable.h(1,1): warning C4819: 현재 코드 페이지(949)에서 표시할 수 없는 문자가 파일에 들어 있습니다. 데이터가 손실되지 않게 하려면 해당 파일을 유니코드 형식으로 저장하십시오.
1>H:\Source\GithubDesktop\dk_client\Client\MemoryPool.h(1,1): warning C4819: 현재 코드 페이지(949)에서 표시할 수 없는 문자가 파일에 들어 있습니다. 데이터가 손실되지 않게 하려면 해당 파일을 유니코드 형식으로 저장하십시오.
1>H:\Source\GithubDesktop\dk_client\Client\NicknameInfo.h(1,1): warning C4819: 현재 코드 페이지(949)에서 표시할 수 없는 문자가 파일에 들어 있습니다. 데이터가 손실되지 않게 하려면 해당 파일을 유니코드 형식으로 저장하십시오.
1>H:\Source\GithubDesktop\dk_client\Client\Packet/Packet.h(1,1): warning C4819: 현재 코드 페이지(949)에서 표시할 수 없는 문자가 파일에 들어 있습니다. 데이터가 손실되지 않게 하려면 해당 파일을 유니코드 형식으로 저장하십시오.
1>H:\Source\GithubDesktop\dk_client\Client\Packet\SocketInputStream.h(1,1): warning C4819: 현재 코드 페이지(949)에서 표시할 수 없는 문자가 파일에 들어 있습니다. 데이터가 손실되지 않게 하려면 해당 파일을 유니코드 형식으로 저장하십시오.
1>H:\Source\GithubDesktop\dk_client\Client\Packet\Socket.h(1,1): warning C4819: 현재 코드 페이지(949)에서 표시할 수 없는 문자가 파일에 들어 있습니다. 데이터가 손실되지 않게 하려면 해당 파일을 유니코드 형식으로 저장하십시오.
1>H:\Source\GithubDesktop\dk_client\Client\Packet\SocketAPI.h(1,1): warning C4819: 현재 코드 페이지(949)에서 표시할 수 없는 문자가 파일에 들어 있습니다. 데이터가 손실되지 않게 하려면 해당 파일을 유니코드 형식으로 저장하십시오.
1>H:\Source\GithubDesktop\dk_client\Client\Packet\SocketAPI.h(78,36): warning C4290: 함수가 __declspec(nothrow)가 아님을 나타내려는 경우를 제외하고 C++ 예외 사양은 무시됩니다.
1>H:\Source\GithubDesktop\dk_client\Client\Packet\SocketAPI.h(85,32): warning C4290: 함수가 __declspec(nothrow)가 아님을 나타내려는 경우를 제외하고 C++ 예외 사양은 무시됩니다.
1>H:\Source\GithubDesktop\dk_client\Client\Packet\SocketAPI.h(92,60): warning C4290: 함수가 __declspec(nothrow)가 아님을 나타내려는 경우를 제외하고 C++ 예외 사양은 무시됩니다.
1>H:\Source\GithubDesktop\dk_client\Client\Packet\SocketAPI.h(98,36): warning C4290: 함수가 __declspec(nothrow)가 아님을 나타내려는 경우를 제외하고 C++ 예외 사양은 무시됩니다.
1>H:\Source\GithubDesktop\dk_client\Client\Packet\SocketAPI.h(105,41): warning C4290: 함수가 __declspec(nothrow)가 아님을 나타내려는 경우를 제외하고 C++ 예외 사양은 무시됩니다.
1>H:\Source\GithubDesktop\dk_client\Client\Packet\SocketAPI.h(112,36): warning C4290: 함수가 __declspec(nothrow)가 아님을 나타내려는 경우를 제외하고 C++ 예외 사양은 무시됩니다.
1>H:\Source\GithubDesktop\dk_client\Client\Packet\SocketAPI.h(118,36): warning C4290: 함수가 __declspec(nothrow)가 아님을 나타내려는 경우를 제외하고 C++ 예외 사양은 무시됩니다.
1>H:\Source\GithubDesktop\dk_client\Client\Packet\SocketAPI.h(125,60): warning C4290: 함수가 __declspec(nothrow)가 아님을 나타내려는 경우를 제외하고 C++ 예외 사양은 무시됩니다.
1>H:\Source\GithubDesktop\dk_client\Client\Packet\SocketAPI.h(132,60): warning C4290: 함수가 __declspec(nothrow)가 아님을 나타내려는 경우를 제외하고 C++ 예외 사양은 무시됩니다.
1>H:\Source\GithubDesktop\dk_client\Client\Packet\SocketAPI.h(139,60): warning C4290: 함수가 __declspec(nothrow)가 아님을 나타내려는 경우를 제외하고 C++ 예외 사양은 무시됩니다.
1>H:\Source\GithubDesktop\dk_client\Client\Packet\SocketAPI.h(146,60): warning C4290: 함수가 __declspec(nothrow)가 아님을 나타내려는 경우를 제외하고 C++ 예외 사양은 무시됩니다.
1>H:\Source\GithubDesktop\dk_client\Client\Packet\SocketAPI.h(157,40): warning C4290: 함수가 __declspec(nothrow)가 아님을 나타내려는 경우를 제외하고 C++ 예외 사양은 무시됩니다.
1>H:\Source\GithubDesktop\dk_client\Client\Packet\SocketAPI.h(168,36): warning C4290: 함수가 __declspec(nothrow)가 아님을 나타내려는 경우를 제외하고 C++ 예외 사양은 무시됩니다.
1>H:\Source\GithubDesktop\dk_client\Client\Packet\SocketAPI.h(175,36): warning C4290: 함수가 __declspec(nothrow)가 아님을 나타내려는 경우를 제외하고 C++ 예외 사양은 무시됩니다.
1>H:\Source\GithubDesktop\dk_client\Client\Packet\SocketAPI.h(182,36): warning C4290: 함수가 __declspec(nothrow)가 아님을 나타내려는 경우를 제외하고 C++ 예외 사양은 무시됩니다.
1>H:\Source\GithubDesktop\dk_client\Client\Packet\SocketAPI.h(189,36): warning C4290: 함수가 __declspec(nothrow)가 아님을 나타내려는 경우를 제외하고 C++ 예외 사양은 무시됩니다.
1>H:\Source\GithubDesktop\dk_client\Client\Packet\SocketAPI.h(196,36): warning C4290: 함수가 __declspec(nothrow)가 아님을 나타내려는 경우를 제외하고 C++ 예외 사양은 무시됩니다.
1>H:\Source\GithubDesktop\dk_client\Client\Packet\SocketAPI.h(203,58): warning C4290: 함수가 __declspec(nothrow)가 아님을 나타내려는 경우를 제외하고 C++ 예외 사양은 무시됩니다.
1>H:\Source\GithubDesktop\dk_client\Client\Packet\SocketImpl.h(47,59): warning C4290: 함수가 __declspec(nothrow)가 아님을 나타내려는 경우를 제외하고 C++ 예외 사양은 무시됩니다.
1>H:\Source\GithubDesktop\dk_client\Client\Packet\SocketImpl.h(55,51): warning C4290: 함수가 __declspec(nothrow)가 아님을 나타내려는 경우를 제외하고 C++ 예외 사양은 무시됩니다.
1>H:\Source\GithubDesktop\dk_client\Client\Packet\SocketImpl.h(58,50): warning C4290: 함수가 __declspec(nothrow)가 아님을 나타내려는 경우를 제외하고 C++ 예외 사양은 무시됩니다.
1>H:\Source\GithubDesktop\dk_client\Client\Packet\SocketImpl.h(61,45): warning C4290: 함수가 __declspec(nothrow)가 아님을 나타내려는 경우를 제외하고 C++ 예외 사양은 무시됩니다.
1>H:\Source\GithubDesktop\dk_client\Client\Packet\SocketImpl.h(62,56): warning C4290: 함수가 __declspec(nothrow)가 아님을 나타내려는 경우를 제외하고 C++ 예외 사양은 무시됩니다.
1>H:\Source\GithubDesktop\dk_client\Client\Packet\SocketImpl.h(65,65): warning C4290: 함수가 __declspec(nothrow)가 아님을 나타내려는 경우를 제외하고 C++ 예외 사양은 무시됩니다.
1>H:\Source\GithubDesktop\dk_client\Client\Packet\SocketImpl.h(68,51): warning C4290: 함수가 __declspec(nothrow)가 아님을 나타내려는 경우를 제외하고 C++ 예외 사양은 무시됩니다.
1>H:\Source\GithubDesktop\dk_client\Client\Packet\SocketImpl.h(69,89): warning C4290: 함수가 __declspec(nothrow)가 아님을 나타내려는 경우를 제외하고 C++ 예외 사양은 무시됩니다.
1>H:\Source\GithubDesktop\dk_client\Client\Packet\SocketImpl.h(72,64): warning C4290: 함수가 __declspec(nothrow)가 아님을 나타내려는 경우를 제외하고 C++ 예외 사양은 무시됩니다.
1>H:\Source\GithubDesktop\dk_client\Client\Packet\SocketImpl.h(75,89): warning C4290: 함수가 __declspec(nothrow)가 아님을 나타내려는 경우를 제외하고 C++ 예외 사양은 무시됩니다.
1>H:\Source\GithubDesktop\dk_client\Client\Packet\SocketImpl.h(78,86): warning C4290: 함수가 __declspec(nothrow)가 아님을 나타내려는 경우를 제외하고 C++ 예외 사양은 무시됩니다.
1>H:\Source\GithubDesktop\dk_client\Client\Packet\SocketImpl.h(81,60): warning C4290: 함수가 __declspec(nothrow)가 아님을 나타내려는 경우를 제외하고 C++ 예외 사양은 무시됩니다.
1>H:\Source\GithubDesktop\dk_client\Client\Packet\SocketImpl.h(90,60): warning C4290: 함수가 __declspec(nothrow)가 아님을 나타내려는 경우를 제외하고 C++ 예외 사양은 무시됩니다.
1>H:\Source\GithubDesktop\dk_client\Client\Packet\SocketImpl.h(91,71): warning C4290: 함수가 __declspec(nothrow)가 아님을 나타내려는 경우를 제외하고 C++ 예외 사양은 무시됩니다.
1>H:\Source\GithubDesktop\dk_client\Client\Packet\SocketImpl.h(94,62): warning C4290: 함수가 __declspec(nothrow)가 아님을 나타내려는 경우를 제외하고 C++ 예외 사양은 무시됩니다.
1>H:\Source\GithubDesktop\dk_client\Client\Packet\SocketImpl.h(95,73): warning C4290: 함수가 __declspec(nothrow)가 아님을 나타내려는 경우를 제외하고 C++ 예외 사양은 무시됩니다.
1>H:\Source\GithubDesktop\dk_client\Client\Packet\SocketImpl.h(98,64): warning C4290: 함수가 __declspec(nothrow)가 아님을 나타내려는 경우를 제외하고 C++ 예외 사양은 무시됩니다.
1>H:\Source\GithubDesktop\dk_client\Client\Packet\SocketImpl.h(99,75): warning C4290: 함수가 __declspec(nothrow)가 아님을 나타내려는 경우를 제외하고 C++ 예외 사양은 무시됩니다.
1>H:\Source\GithubDesktop\dk_client\Client\Packet\SocketImpl.h(102,71): warning C4290: 함수가 __declspec(nothrow)가 아님을 나타내려는 경우를 제외하고 C++ 예외 사양은 무시됩니다.
1>H:\Source\GithubDesktop\dk_client\Client\Packet\SocketImpl.h(103,76): warning C4290: 함수가 __declspec(nothrow)가 아님을 나타내려는 경우를 제외하고 C++ 예외 사양은 무시됩니다.
1>H:\Source\GithubDesktop\dk_client\Client\Packet\SocketImpl.h(106,68): warning C4290: 함수가 __declspec(nothrow)가 아님을 나타내려는 경우를 제외하고 C++ 예외 사양은 무시됩니다.
1>H:\Source\GithubDesktop\dk_client\Client\Packet\SocketImpl.h(107,73): warning C4290: 함수가 __declspec(nothrow)가 아님을 나타내려는 경우를 제외하고 C++ 예외 사양은 무시됩니다.
1>H:\Source\GithubDesktop\dk_client\Client\Packet\Socket.h(45,55): warning C4290: 함수가 __declspec(nothrow)가 아님을 나타내려는 경우를 제외하고 C++ 예외 사양은 무시됩니다.
1>H:\Source\GithubDesktop\dk_client\Client\Packet\Socket.h(54,50): warning C4290: 함수가 __declspec(nothrow)가 아님을 나타내려는 경우를 제외하고 C++ 예외 사양은 무시됩니다.
1>H:\Source\GithubDesktop\dk_client\Client\Packet\Socket.h(57,51): warning C4290: 함수가 __declspec(nothrow)가 아님을 나타내려는 경우를 제외하고 C++ 예외 사양은 무시됩니다.
1>H:\Source\GithubDesktop\dk_client\Client\Packet\Socket.h(58,89): warning C4290: 함수가 __declspec(nothrow)가 아님을 나타내려는 경우를 제외하고 C++ 예외 사양은 무시됩니다.
1>H:\Source\GithubDesktop\dk_client\Client\Packet\Socket.h(61,91): warning C4290: 함수가 __declspec(nothrow)가 아님을 나타내려는 경우를 제외하고 C++ 예외 사양은 무시됩니다.
1>H:\Source\GithubDesktop\dk_client\Client\Packet\Socket.h(64,89): warning C4290: 함수가 __declspec(nothrow)가 아님을 나타내려는 경우를 제외하고 C++ 예외 사양은 무시됩니다.
1>H:\Source\GithubDesktop\dk_client\Client\Packet\Socket.h(67,86): warning C4290: 함수가 __declspec(nothrow)가 아님을 나타내려는 경우를 제외하고 C++ 예외 사양은 무시됩니다.
1>H:\Source\GithubDesktop\dk_client\Client\Packet\Socket.h(70,60): warning C4290: 함수가 __declspec(nothrow)가 아님을 나타내려는 경우를 제외하고 C++ 예외 사양은 무시됩니다.
1>H:\Source\GithubDesktop\dk_client\Client\Packet\Socket.h(79,63): warning C4290: 함수가 __declspec(nothrow)가 아님을 나타내려는 경우를 제외하고 C++ 예외 사양은 무시됩니다.
1>H:\Source\GithubDesktop\dk_client\Client\Packet\Socket.h(80,74): warning C4290: 함수가 __declspec(nothrow)가 아님을 나타내려는 경우를 제외하고 C++ 예외 사양은 무시됩니다.
1>H:\Source\GithubDesktop\dk_client\Client\Packet\Socket.h(83,67): warning C4290: 함수가 __declspec(nothrow)가 아님을 나타내려는 경우를 제외하고 C++ 예외 사양은 무시됩니다.
1>H:\Source\GithubDesktop\dk_client\Client\Packet\Socket.h(84,78): warning C4290: 함수가 __declspec(nothrow)가 아님을 나타내려는 경우를 제외하고 C++ 예외 사양은 무시됩니다.
1>H:\Source\GithubDesktop\dk_client\Client\Packet\Socket.h(87,74): warning C4290: 함수가 __declspec(nothrow)가 아님을 나타내려는 경우를 제외하고 C++ 예외 사양은 무시됩니다.
1>H:\Source\GithubDesktop\dk_client\Client\Packet\Socket.h(88,79): warning C4290: 함수가 __declspec(nothrow)가 아님을 나타내려는 경우를 제외하고 C++ 예외 사양은 무시됩니다.
1>H:\Source\GithubDesktop\dk_client\Client\Packet\Socket.h(91,71): warning C4290: 함수가 __declspec(nothrow)가 아님을 나타내려는 경우를 제외하고 C++ 예외 사양은 무시됩니다.
1>H:\Source\GithubDesktop\dk_client\Client\Packet\Socket.h(92,76): warning C4290: 함수가 __declspec(nothrow)가 아님을 나타내려는 경우를 제외하고 C++ 예외 사양은 무시됩니다.
1>H:\Source\GithubDesktop\dk_client\Client\Packet\SocketInputStream.h(49,20): warning C4290: 함수가 __declspec(nothrow)가 아님을 나타내려는 경우를 제외하고 C++ 예외 사양은 무시됩니다.
1>H:\Source\GithubDesktop\dk_client\Client\Packet\SocketInputStream.h(52,66): warning C4290: 함수가 __declspec(nothrow)가 아님을 나타내려는 경우를 제외하고 C++ 예외 사양은 무시됩니다.
1>H:\Source\GithubDesktop\dk_client\Client\Packet\SocketInputStream.h(61,72): warning C4290: 함수가 __declspec(nothrow)가 아님을 나타내려는 경우를 제외하고 C++ 예외 사양은 무시됩니다.
1>H:\Source\GithubDesktop\dk_client\Client\Packet\SocketInputStream.h(62,79): warning C4290: 함수가 __declspec(nothrow)가 아님을 나타내려는 경우를 제외하고 C++ 예외 사양은 무시됩니다.
1>H:\Source\GithubDesktop\dk_client\Client\Packet\SocketInputStream.h(63,61): warning C4290: 함수가 __declspec(nothrow)가 아님을 나타내려는 경우를 제외하고 C++ 예외 사양은 무시됩니다.
1>H:\Source\GithubDesktop\dk_client\Client\Packet\SocketInputStream.h(65,63): warning C4290: 함수가 __declspec(nothrow)가 아님을 나타내려는 경우를 제외하고 C++ 예외 사양은 무시됩니다.
1>H:\Source\GithubDesktop\dk_client\Client\Packet\SocketInputStream.h(66,63): warning C4290: 함수가 __declspec(nothrow)가 아님을 나타내려는 경우를 제외하고 C++ 예외 사양은 무시됩니다.
1>H:\Source\GithubDesktop\dk_client\Client\Packet\SocketInputStream.h(67,63): warning C4290: 함수가 __declspec(nothrow)가 아님을 나타내려는 경우를 제외하고 C++ 예외 사양은 무시됩니다.
1>H:\Source\GithubDesktop\dk_client\Client\Packet\SocketInputStream.h(68,63): warning C4290: 함수가 __declspec(nothrow)가 아님을 나타내려는 경우를 제외하고 C++ 예외 사양은 무시됩니다.
1>H:\Source\GithubDesktop\dk_client\Client\Packet\SocketInputStream.h(69,63): warning C4290: 함수가 __declspec(nothrow)가 아님을 나타내려는 경우를 제외하고 C++ 예외 사양은 무시됩니다.
1>H:\Source\GithubDesktop\dk_client\Client\Packet\SocketInputStream.h(70,63): warning C4290: 함수가 __declspec(nothrow)가 아님을 나타내려는 경우를 제외하고 C++ 예외 사양은 무시됩니다.
1>H:\Source\GithubDesktop\dk_client\Client\Packet\SocketInputStream.h(71,63): warning C4290: 함수가 __declspec(nothrow)가 아님을 나타내려는 경우를 제외하고 C++ 예외 사양은 무시됩니다.
1>H:\Source\GithubDesktop\dk_client\Client\Packet\SocketInputStream.h(72,63): warning C4290: 함수가 __declspec(nothrow)가 아님을 나타내려는 경우를 제외하고 C++ 예외 사양은 무시됩니다.
1>H:\Source\GithubDesktop\dk_client\Client\Packet\SocketInputStream.h(78,63): warning C4290: 함수가 __declspec(nothrow)가 아님을 나타내려는 경우를 제외하고 C++ 예외 사양은 무시됩니다.
1>H:\Source\GithubDesktop\dk_client\Client\Packet\SocketInputStream.h(86,72): warning C4290: 함수가 __declspec(nothrow)가 아님을 나타내려는 경우를 제외하고 C++ 예외 사양은 무시됩니다.
1>H:\Source\GithubDesktop\dk_client\Client\Packet\SocketInputStream.h(89,59): warning C4290: 함수가 __declspec(nothrow)가 아님을 나타내려는 경우를 제외하고 C++ 예외 사양은 무시됩니다.
1>H:\Source\GithubDesktop\dk_client\Client\Packet\SocketInputStream.h(92,43): warning C4290: 함수가 __declspec(nothrow)가 아님을 나타내려는 경우를 제외하고 C++ 예외 사양은 무시됩니다.
1>H:\Source\GithubDesktop\dk_client\Client\Packet\SocketInputStream.h(93,47): warning C4290: 함수가 __declspec(nothrow)가 아님을 나타내려는 경우를 제외하고 C++ 예외 사양은 무시됩니다.
1>H:\Source\GithubDesktop\dk_client\Client\Packet\SocketInputStream.h(96,55): warning C4290: 함수가 __declspec(nothrow)가 아님을 나타내려는 경우를 제외하고 C++ 예외 사양은 무시됩니다.
1>H:\Source\GithubDesktop\dk_client\Client\Packet\SocketOutputStream.h(1,1): warning C4819: 현재 코드 페이지(949)에서 표시할 수 없는 문자가 파일에 들어 있습니다. 데이터가 손실되지 않게 하려면 해당 파일을 유니코드 형식으로 저장하십시오.
1>H:\Source\GithubDesktop\dk_client\Client\Packet\SocketOutputStream.h(37,21): warning C4290: 함수가 __declspec(nothrow)가 아님을 나타내려는 경우를 제외하고 C++ 예외 사양은 무시됩니다.
1>H:\Source\GithubDesktop\dk_client\Client\Packet\SocketOutputStream.h(40,67): warning C4290: 함수가 __declspec(nothrow)가 아님을 나타내려는 경우를 제외하고 C++ 예외 사양은 무시됩니다.
1>H:\Source\GithubDesktop\dk_client\Client\Packet\SocketOutputStream.h(54,79): warning C4290: 함수가 __declspec(nothrow)가 아님을 나타내려는 경우를 제외하고 C++ 예외 사양은 무시됩니다.
1>H:\Source\GithubDesktop\dk_client\Client\Packet\SocketOutputStream.h(55,75): warning C4290: 함수가 __declspec(nothrow)가 아님을 나타내려는 경우를 제외하고 C++ 예외 사양은 무시됩니다.
1>H:\Source\GithubDesktop\dk_client\Client\Packet\SocketOutputStream.h(56,74): warning C4290: 함수가 __declspec(nothrow)가 아님을 나타내려는 경우를 제외하고 C++ 예외 사양은 무시됩니다.
1>H:\Source\GithubDesktop\dk_client\Client\Packet\SocketOutputStream.h(58,65): warning C4290: 함수가 __declspec(nothrow)가 아님을 나타내려는 경우를 제외하고 C++ 예외 사양은 무시됩니다.
1>H:\Source\GithubDesktop\dk_client\Client\Packet\SocketOutputStream.h(59,65): warning C4290: 함수가 __declspec(nothrow)가 아님을 나타내려는 경우를 제외하고 C++ 예외 사양은 무시됩니다.
1>H:\Source\GithubDesktop\dk_client\Client\Packet\SocketOutputStream.h(60,65): warning C4290: 함수가 __declspec(nothrow)가 아님을 나타내려는 경우를 제외하고 C++ 예외 사양은 무시됩니다.
1>H:\Source\GithubDesktop\dk_client\Client\Packet\SocketOutputStream.h(61,65): warning C4290: 함수가 __declspec(nothrow)가 아님을 나타내려는 경우를 제외하고 C++ 예외 사양은 무시됩니다.
1>H:\Source\GithubDesktop\dk_client\Client\Packet\SocketOutputStream.h(62,65): warning C4290: 함수가 __declspec(nothrow)가 아님을 나타내려는 경우를 제외하고 C++ 예외 사양은 무시됩니다.
1>H:\Source\GithubDesktop\dk_client\Client\Packet\SocketOutputStream.h(63,65): warning C4290: 함수가 __declspec(nothrow)가 아님을 나타내려는 경우를 제외하고 C++ 예외 사양은 무시됩니다.
1>H:\Source\GithubDesktop\dk_client\Client\Packet\SocketOutputStream.h(64,65): warning C4290: 함수가 __declspec(nothrow)가 아님을 나타내려는 경우를 제외하고 C++ 예외 사양은 무시됩니다.
1>H:\Source\GithubDesktop\dk_client\Client\Packet\SocketOutputStream.h(65,65): warning C4290: 함수가 __declspec(nothrow)가 아님을 나타내려는 경우를 제외하고 C++ 예외 사양은 무시됩니다.
1>H:\Source\GithubDesktop\dk_client\Client\Packet\SocketOutputStream.h(69,65): warning C4290: 함수가 __declspec(nothrow)가 아님을 나타내려는 경우를 제외하고 C++ 예외 사양은 무시됩니다.
1>H:\Source\GithubDesktop\dk_client\Client\Packet\SocketOutputStream.h(75,44): warning C4290: 함수가 __declspec(nothrow)가 아님을 나타내려는 경우를 제외하고 C++ 예외 사양은 무시됩니다.
1>H:\Source\GithubDesktop\dk_client\Client\Packet\SocketOutputStream.h(78,55): warning C4290: 함수가 __declspec(nothrow)가 아님을 나타내려는 경우를 제외하고 C++ 예외 사양은 무시됩니다.
1>H:\Source\GithubDesktop\dk_client\Client\Packet\SocketOutputStream.h(55,77): warning C4267: '인수': 'size_t'에서 'uint'(으)로 변환하면서 데이터가 손실될 수 있습니다.
1>H:\Source\GithubDesktop\dk_client\Client\NicknameInfo.h(31,70): warning C4290: 함수가 __declspec(nothrow)가 아님을 나타내려는 경우를 제외하고 C++ 예외 사양은 무시됩니다.
1>H:\Source\GithubDesktop\dk_client\Client\NicknameInfo.h(32,78): warning C4290: 함수가 __declspec(nothrow)가 아님을 나타내려는 경우를 제외하고 C++ 예외 사양은 무시됩니다.
1>H:\Source\GithubDesktop\dk_client\Client\MCreature.h(629,1): warning C4819: 현재 코드 페이지(949)에서 표시할 수 없는 문자가 파일에 들어 있습니다. 데이터가 손실되지 않게 하려면 해당 파일을 유니코드 형식으로 저장하십시오.
1>H:\Source\GithubDesktop\dk_client\Client\MCreature.h(408,38): warning C4267: 'return': 'size_t'에서 'int'(으)로 변환하면서 데이터가 손실될 수 있습니다.
1>H:\Source\GithubDesktop\dk_client\Client\MCreature.h(409,44): warning C4267: 'return': 'size_t'에서 'int'(으)로 변환하면서 데이터가 손실될 수 있습니다.
1>H:\Source\GithubDesktop\dk_client\Client\MCreature.h(746,44): warning C4267: 'return': 'size_t'에서 'const int'(으)로 변환하면서 데이터가 손실될 수 있습니다.
1>H:\Source\GithubDesktop\dk_client\Client\Client.h(1,1): warning C4819: 현재 코드 페이지(949)에서 표시할 수 없는 문자가 파일에 들어 있습니다. 데이터가 손실되지 않게 하려면 해당 파일을 유니코드 형식으로 저장하십시오.
1>H:\Source\GithubDesktop\dk_client\Client\DebugInfo.h(1,1): warning C4819: 현재 코드 페이지(949)에서 표시할 수 없는 문자가 파일에 들어 있습니다. 데이터가 손실되지 않게 하려면 해당 파일을 유니코드 형식으로 저장하십시오.
1>H:\Source\GithubDesktop\dk_client\Client\MinTr.h(1,1): warning C4819: 현재 코드 페이지(949)에서 표시할 수 없는 문자가 파일에 들어 있습니다. 데이터가 손실되지 않게 하려면 해당 파일을 유니코드 형식으로 저장하십시오.
1>H:\Source\GithubDesktop\dk_client\Client\MinTr.h(84,47): warning C4267: '=': 'size_t'에서 'DWORD'(으)로 변환하면서 데이터가 손실될 수 있습니다.
1>H:\Source\GithubDesktop\dk_client\Client\MinTr.h(108,50): warning C4267: '=': 'size_t'에서 'DWORD'(으)로 변환하면서 데이터가 손실될 수 있습니다.
1>H:\Source\GithubDesktop\dk_client\Client\MinTr.h(135,2): warning C4996: 'vsprintf': This function or variable may be unsafe. Consider using vsprintf_s instead. To disable deprecation, use _CRT_SECURE_NO_WARNINGS. See online help for details.
1>H:\Source\GithubDesktop\dk_client\Client\MinTr.h(153,47): warning C4267: '=': 'size_t'에서 'DWORD'(으)로 변환하면서 데이터가 손실될 수 있습니다.
1>H:\Source\GithubDesktop\dk_client\Client\MinTr.h(176,50): warning C4267: '=': 'size_t'에서 'DWORD'(으)로 변환하면서 데이터가 손실될 수 있습니다.
1>H:\Source\GithubDesktop\dk_client\Client\MinTr.h(204,2): warning C4996: 'vsprintf': This function or variable may be unsafe. Consider using vsprintf_s instead. To disable deprecation, use _CRT_SECURE_NO_WARNINGS. See online help for details.
1>H:\Source\GithubDesktop\dk_client\Client\MinTr.h(222,47): warning C4267: '=': 'size_t'에서 'DWORD'(으)로 변환하면서 데이터가 손실될 수 있습니다.
1>H:\Source\GithubDesktop\dk_client\Client\MinTr.h(245,50): warning C4267: '=': 'size_t'에서 'DWORD'(으)로 변환하면서 데이터가 손실될 수 있습니다.
1>H:\Source\GithubDesktop\dk_client\Client\MinTr.h(272,2): warning C4996: 'vsprintf': This function or variable may be unsafe. Consider using vsprintf_s instead. To disable deprecation, use _CRT_SECURE_NO_WARNINGS. See online help for details.
1>H:\Source\GithubDesktop\dk_client\Client\MinTr.h(292,49): warning C4267: '=': 'size_t'에서 'DWORD'(으)로 변환하면서 데이터가 손실될 수 있습니다.
1>H:\Source\GithubDesktop\dk_client\Client\MinTr.h(290,3): warning C4996: 'sprintf': This function or variable may be unsafe. Consider using sprintf_s instead. To disable deprecation, use _CRT_SECURE_NO_WARNINGS. See online help for details.
1>H:\Source\GithubDesktop\dk_client\Client\MinTr.h(336,2): warning C4996: 'vsprintf': This function or variable may be unsafe. Consider using vsprintf_s instead. To disable deprecation, use _CRT_SECURE_NO_WARNINGS. See online help for details.
1>H:\Source\GithubDesktop\dk_client\Client\MinTr.h(360,49): warning C4267: '=': 'size_t'에서 'DWORD'(으)로 변환하면서 데이터가 손실될 수 있습니다.
1>H:\Source\GithubDesktop\dk_client\Client\MinTr.h(358,3): warning C4996: 'sprintf': This function or variable may be unsafe. Consider using sprintf_s instead. To disable deprecation, use _CRT_SECURE_NO_WARNINGS. See online help for details.
1>H:\Source\GithubDesktop\dk_client\Client\MinTr.h(406,2): warning C4996: 'vsprintf': This function or variable may be unsafe. Consider using vsprintf_s instead. To disable deprecation, use _CRT_SECURE_NO_WARNINGS. See online help for details.
1>H:\Source\GithubDesktop\dk_client\Client\ClientDef.h(1,1): warning C4819: 현재 코드 페이지(949)에서 표시할 수 없는 문자가 파일에 들어 있습니다. 데이터가 손실되지 않게 하려면 해당 파일을 유니코드 형식으로 저장하십시오.
1>H:\Source\GithubDesktop\dk_client\Client\MPlayer.h(1,1): warning C4819: 현재 코드 페이지(949)에서 표시할 수 없는 문자가 파일에 들어 있습니다. 데이터가 손실되지 않게 하려면 해당 파일을 유니코드 형식으로 저장하십시오.
1>H:\Source\GithubDesktop\dk_client\Client\MZone.h(1,1): warning C4819: 현재 코드 페이지(949)에서 표시할 수 없는 문자가 파일에 들어 있습니다. 데이터가 손실되지 않게 하려면 해당 파일을 유니코드 형식으로 저장하십시오.
1>H:\Source\GithubDesktop\dk_client\Client\MSector.h(1,1): warning C4819: 현재 코드 페이지(949)에서 표시할 수 없는 문자가 파일에 들어 있습니다. 데이터가 손실되지 않게 하려면 해당 파일을 유니코드 형식으로 저장하십시오.
1>H:\Source\GithubDesktop\dk_client\Client\SectorSoundInfo.h(1,1): warning C4819: 현재 코드 페이지(949)에서 표시할 수 없는 문자가 파일에 들어 있습니다. 데이터가 손실되지 않게 하려면 해당 파일을 유니코드 형식으로 저장하십시오.
1>H:\Source\GithubDesktop\dk_client\Client\MSector.h(334,32): warning C4267: 'return': 'size_t'에서 'int'(으)로 변환하면서 데이터가 손실될 수 있습니다.
1>H:\Source\GithubDesktop\dk_client\Client\MSector.h(394,35): warning C4267: 'return': 'size_t'에서 'int'(으)로 변환하면서 데이터가 손실될 수 있습니다.
1>H:\Source\GithubDesktop\dk_client\Client\MSector.h(405,42): warning C4267: 'return': 'size_t'에서 'int'(으)로 변환하면서 데이터가 손실될 수 있습니다.
1>H:\Source\GithubDesktop\dk_client\Client\MHelicopterManager.h(1,1): warning C4819: 현재 코드 페이지(949)에서 표시할 수 없는 문자가 파일에 들어 있습니다. 데이터가 손실되지 않게 하려면 해당 파일을 유니코드 형식으로 저장하십시오.
1>H:\Source\GithubDesktop\dk_client\Client\CTypeMap2.h(1,1): warning C4819: 현재 코드 페이지(949)에서 표시할 수 없는 문자가 파일에 들어 있습니다. 데이터가 손실되지 않게 하려면 해당 파일을 유니코드 형식으로 저장하십시오.
1>H:\Source\GithubDesktop\dk_client\Client\CPositionList.h(1,1): warning C4819: 현재 코드 페이지(949)에서 표시할 수 없는 문자가 파일에 들어 있습니다. 데이터가 손실되지 않게 하려면 해당 파일을 유니코드 형식으로 저장하십시오.
1>H:\Source\GithubDesktop\dk_client\Client\ZoneFileHeader.h(1,1): warning C4819: 현재 코드 페이지(949)에서 표시할 수 없는 문자가 파일에 들어 있습니다. 데이터가 손실되지 않게 하려면 해당 파일을 유니코드 형식으로 저장하십시오.
1>H:\Source\GithubDesktop\dk_client\Client\MZoneDef.h(1,1): warning C4819: 현재 코드 페이지(949)에서 표시할 수 없는 문자가 파일에 들어 있습니다. 데이터가 손실되지 않게 하려면 해당 파일을 유니코드 형식으로 저장하십시오.
1>H:\Source\GithubDesktop\dk_client\Client\SoundNode.h(1,1): warning C4819: 현재 코드 페이지(949)에서 표시할 수 없는 문자가 파일에 들어 있습니다. 데이터가 손실되지 않게 하려면 해당 파일을 유니코드 형식으로 저장하십시오.
1>H:\Source\GithubDesktop\dk_client\Client\MZone.h(165,36): warning C4267: 'return': 'size_t'에서 'int'(으)로 변환하면서 데이터가 손실될 수 있습니다.
1>H:\Source\GithubDesktop\dk_client\Client\MZone.h(233,32): warning C4267: 'return': 'size_t'에서 'int'(으)로 변환하면서 데이터가 손실될 수 있습니다.
1>H:\Source\GithubDesktop\dk_client\Client\MZone.h(275,29): warning C4267: 'return': 'size_t'에서 'int'(으)로 변환하면서 데이터가 손실될 수 있습니다.
1>H:\Source\GithubDesktop\dk_client\Client\MZone.h(288,35): warning C4267: 'return': 'size_t'에서 'int'(으)로 변환하면서 데이터가 손실될 수 있습니다.
1>H:\Source\GithubDesktop\dk_client\Client\MZone.h(366,40): warning C4267: 'return': 'size_t'에서 'int'(으)로 변환하면서 데이터가 손실될 수 있습니다.
1>H:\Source\GithubDesktop\dk_client\Client\CMessageArray.h(1,1): warning C4819: 현재 코드 페이지(949)에서 표시할 수 없는 문자가 파일에 들어 있습니다. 데이터가 손실되지 않게 하려면 해당 파일을 유니코드 형식으로 저장하십시오.
1>H:\Source\GithubDesktop\dk_client\Client\PacketFunction.h(1,1): warning C4819: 현재 코드 페이지(949)에서 표시할 수 없는 문자가 파일에 들어 있습니다. 데이터가 손실되지 않게 하려면 해당 파일을 유니코드 형식으로 저장하십시오.
1>H:\Source\GithubDesktop\dk_client\Client\MHelpManager.h(1,1): warning C4819: 현재 코드 페이지(949)에서 표시할 수 없는 문자가 파일에 들어 있습니다. 데이터가 손실되지 않게 하려면 해당 파일을 유니코드 형식으로 저장하십시오.
1>H:\Source\GithubDesktop\dk_client\Client\MHelpDef.h(1,1): warning C4819: 현재 코드 페이지(949)에서 표시할 수 없는 문자가 파일에 들어 있습니다. 데이터가 손실되지 않게 하려면 해당 파일을 유니코드 형식으로 저장하십시오.
1>H:\Source\GithubDesktop\dk_client\Client\UserOption.h(1,1): warning C4819: 현재 코드 페이지(949)에서 표시할 수 없는 문자가 파일에 들어 있습니다. 데이터가 손실되지 않게 하려면 해당 파일을 유니코드 형식으로 저장하십시오.
1>H:\Source\GithubDesktop\dk_client\Client\DebugInfo.h(1,1): warning C4819: 현재 코드 페이지(949)에서 표시할 수 없는 문자가 파일에 들어 있습니다. 데이터가 손실되지 않게 하려면 해당 파일을 유니코드 형식으로 저장하십시오.
1>H:\Source\GithubDesktop\dk_client\Client\DXLib\CDirectDrawSurface.h(1,1): warning C4819: 현재 코드 페이지(949)에서 표시할 수 없는 문자가 파일에 들어 있습니다. 데이터가 손실되지 않게 하려면 해당 파일을 유니코드 형식으로 저장하십시오.
1>H:\Source\GithubDesktop\dk_client\Client\DXLib\CDirectSound.h(1,1): warning C4819: 현재 코드 페이지(949)에서 표시할 수 없는 문자가 파일에 들어 있습니다. 데이터가 손실되지 않게 하려면 해당 파일을 유니코드 형식으로 저장하십시오.
1>H:\Source\GithubDesktop\dk_client\Client\DXLib\CDirectSoundStream.h(1,1): warning C4819: 현재 코드 페이지(949)에서 표시할 수 없는 문자가 파일에 들어 있습니다. 데이터가 손실되지 않게 하려면 해당 파일을 유니코드 형식으로 저장하십시오.
1>H:\Source\GithubDesktop\dk_client\Client\DXLib\CDirectMusic.h(1,1): warning C4819: 현재 코드 페이지(949)에서 표시할 수 없는 문자가 파일에 들어 있습니다. 데이터가 손실되지 않게 하려면 해당 파일을 유니코드 형식으로 저장하십시오.
1>H:\Source\GithubDesktop\dk_client\Client\DXLib\CDirectMusic.h(28,2): warning C4091: 'typedef ': 변수를 선언하지 않으면 'DIRECTMUSIC_TYPE' 왼쪽은 무시됩니다.
1>H:\Source\GithubDesktop\dk_client\Client\DXLib\CDirectInput.h(1,1): warning C4819: 현재 코드 페이지(949)에서 표시할 수 없는 문자가 파일에 들어 있습니다. 데이터가 손실되지 않게 하려면 해당 파일을 유니코드 형식으로 저장하십시오.
1>H:\Source\GithubDesktop\dk_client\Client\SpriteLib\CSpriteSurface.h(1,1): warning C4819: 현재 코드 페이지(949)에서 표시할 수 없는 문자가 파일에 들어 있습니다. 데이터가 손실되지 않게 하려면 해당 파일을 유니코드 형식으로 저장하십시오.
1>H:\Source\GithubDesktop\dk_client\Client\SpriteLib\CSpritePack.h(1,1): warning C4819: 현재 코드 페이지(949)에서 표시할 수 없는 문자가 파일에 들어 있습니다. 데이터가 손실되지 않게 하려면 해당 파일을 유니코드 형식으로 저장하십시오.
1>H:\Source\GithubDesktop\dk_client\Client\SpriteLib\CIndexSpritePack.h(1,1): warning C4819: 현재 코드 페이지(949)에서 표시할 수 없는 문자가 파일에 들어 있습니다. 데이터가 손실되지 않게 하려면 해당 파일을 유니코드 형식으로 저장하십시오.
1>H:\Source\GithubDesktop\dk_client\Client\SpriteLib\CIndexSprite555.h(1,1): warning C4819: 현재 코드 페이지(949)에서 표시할 수 없는 문자가 파일에 들어 있습니다. 데이터가 손실되지 않게 하려면 해당 파일을 유니코드 형식으로 저장하십시오.
1>H:\Source\GithubDesktop\dk_client\Client\SpriteLib\CIndexSprite555.h(16,14): warning C4091: '': 변수를 선언하지 않으면 'std::basic_ofstream<char,std::char_traits<char>>' 왼쪽은 무시됩니다.
1>H:\Source\GithubDesktop\dk_client\Client\SpriteLib\CIndexSprite555.h(17,14): warning C4091: '': 변수를 선언하지 않으면 'std::basic_ifstream<char,std::char_traits<char>>' 왼쪽은 무시됩니다.
1>H:\Source\GithubDesktop\dk_client\Client\SpriteLib\CIndexSprite565.h(1,1): warning C4819: 현재 코드 페이지(949)에서 표시할 수 없는 문자가 파일에 들어 있습니다. 데이터가 손실되지 않게 하려면 해당 파일을 유니코드 형식으로 저장하십시오.
1>H:\Source\GithubDesktop\dk_client\Client\SpriteLib\CIndexSprite565.h(16,14): warning C4091: '': 변수를 선언하지 않으면 'std::basic_ofstream<char,std::char_traits<char>>' 왼쪽은 무시됩니다.
1>H:\Source\GithubDesktop\dk_client\Client\SpriteLib\CIndexSprite565.h(17,14): warning C4091: '': 변수를 선언하지 않으면 'std::basic_ifstream<char,std::char_traits<char>>' 왼쪽은 무시됩니다.
1>H:\Source\GithubDesktop\dk_client\Client\SpriteLib\CFilter.h(21,14): warning C4091: '': 변수를 선언하지 않으면 'std::basic_ifstream<char,std::char_traits<char>>' 왼쪽은 무시됩니다.
1>H:\Source\GithubDesktop\dk_client\Client\SpriteLib\CFilter.h(22,14): warning C4091: '': 변수를 선언하지 않으면 'std::basic_ofstream<char,std::char_traits<char>>' 왼쪽은 무시됩니다.
1>H:\Source\GithubDesktop\dk_client\Client\SpriteLib\CFileIndexTable.h(1,1): warning C4819: 현재 코드 페이지(949)에서 표시할 수 없는 문자가 파일에 들어 있습니다. 데이터가 손실되지 않게 하려면 해당 파일을 유니코드 형식으로 저장하십시오.
1>H:\Source\GithubDesktop\dk_client\Client\SpriteLib\CStorageSurface.h(1,1): warning C4819: 현재 코드 페이지(949)에서 표시할 수 없는 문자가 파일에 들어 있습니다. 데이터가 손실되지 않게 하려면 해당 파일을 유니코드 형식으로 저장하십시오.
1>H:\Source\GithubDesktop\dk_client\Client\framelib\FR.h(1,1): warning C4819: 현재 코드 페이지(949)에서 표시할 수 없는 문자가 파일에 들어 있습니다. 데이터가 손실되지 않게 하려면 해당 파일을 유니코드 형식으로 저장하십시오.
1>H:\Source\GithubDesktop\dk_client\Client\framelib\CAnimationFrameSetManager.h(1,1): warning C4819: 현재 코드 페이지(949)에서 표시할 수 없는 문자가 파일에 들어 있습니다. 데이터가 손실되지 않게 하려면 해당 파일을 유니코드 형식으로 저장하십시오.
1>H:\Source\GithubDesktop\dk_client\Client\framelib\CFrameSetManager.h(1,1): warning C4819: 현재 코드 페이지(949)에서 표시할 수 없는 문자가 파일에 들어 있습니다. 데이터가 손실되지 않게 하려면 해당 파일을 유니코드 형식으로 저장하십시오.
1>H:\Source\GithubDesktop\dk_client\Client\framelib\CCreatureFrameSetManager.h(1,1): warning C4819: 현재 코드 페이지(949)에서 표시할 수 없는 문자가 파일에 들어 있습니다. 데이터가 손실되지 않게 하려면 해당 파일을 유니코드 형식으로 저장하십시오.
1>H:\Source\GithubDesktop\dk_client\Client\framelib\CFrameSet.h(1,1): warning C4819: 현재 코드 페이지(949)에서 표시할 수 없는 문자가 파일에 들어 있습니다. 데이터가 손실되지 않게 하려면 해당 파일을 유니코드 형식으로 저장하십시오.
1>H:\Source\GithubDesktop\dk_client\Client\WinLib\CWinUpdate.h(1,1): warning C4819: 현재 코드 페이지(949)에서 표시할 수 없는 문자가 파일에 들어 있습니다. 데이터가 손실되지 않게 하려면 해당 파일을 유니코드 형식으로 저장하십시오.
1>H:\Source\GithubDesktop\dk_client\Client\MTopView.h(1,1): warning C4819: 현재 코드 페이지(949)에서 표시할 수 없는 문자가 파일에 들어 있습니다. 데이터가 손실되지 않게 하려면 해당 파일을 유니코드 형식으로 저장하십시오.
1>H:\Source\GithubDesktop\dk_client\Client\MViewDef.h(1,1): warning C4819: 현재 코드 페이지(949)에서 표시할 수 없는 문자가 파일에 들어 있습니다. 데이터가 손실되지 않게 하려면 해당 파일을 유니코드 형식으로 저장하십시오.
1>H:\Source\GithubDesktop\dk_client\Client\MImageObject.h(1,1): warning C4819: 현재 코드 페이지(949)에서 표시할 수 없는 문자가 파일에 들어 있습니다. 데이터가 손실되지 않게 하려면 해당 파일을 유니코드 형식으로 저장하십시오.
1>H:\Source\GithubDesktop\dk_client\Client\CSpriteTexturePartManager.h(1,1): warning C4819: 현재 코드 페이지(949)에서 표시할 수 없는 문자가 파일에 들어 있습니다. 데이터가 손실되지 않게 하려면 해당 파일을 유니코드 형식으로 저장하십시오.
1>H:\Source\GithubDesktop\dk_client\Client\CPartManager.h(1,1): warning C4819: 현재 코드 페이지(949)에서 표시할 수 없는 문자가 파일에 들어 있습니다. 데이터가 손실되지 않게 하려면 해당 파일을 유니코드 형식으로 저장하십시오.
1>H:\Source\GithubDesktop\dk_client\Client\DebugInfo.h(1,1): warning C4819: 현재 코드 페이지(949)에서 표시할 수 없는 문자가 파일에 들어 있습니다. 데이터가 손실되지 않게 하려면 해당 파일을 유니코드 형식으로 저장하십시오.
1>H:\Source\GithubDesktop\dk_client\Client\SpriteLib/CSpriteSurface.h(1,1): warning C4819: 현재 코드 페이지(949)에서 표시할 수 없는 문자가 파일에 들어 있습니다. 데이터가 손실되지 않게 하려면 해당 파일을 유니코드 형식으로 저장하십시오.
1>H:\Source\GithubDesktop\dk_client\Client\SpriteLib/CSpritePack.h(1,1): warning C4819: 현재 코드 페이지(949)에서 표시할 수 없는 문자가 파일에 들어 있습니다. 데이터가 손실되지 않게 하려면 해당 파일을 유니코드 형식으로 저장하십시오.
1>H:\Source\GithubDesktop\dk_client\Client\CTexturePartManager.h(1,1): warning C4819: 현재 코드 페이지(949)에서 표시할 수 없는 문자가 파일에 들어 있습니다. 데이터가 손실되지 않게 하려면 해당 파일을 유니코드 형식으로 저장하십시오.
1>H:\Source\GithubDesktop\dk_client\Client\SpriteLib/CSpriteSurface.h(1,1): warning C4819: 현재 코드 페이지(949)에서 표시할 수 없는 문자가 파일에 들어 있습니다. 데이터가 손실되지 않게 하려면 해당 파일을 유니코드 형식으로 저장하십시오.
1>H:\Source\GithubDesktop\dk_client\Client\SpriteLib/CAlphaSpritePal.h(1,1): warning C4819: 현재 코드 페이지(949)에서 표시할 수 없는 문자가 파일에 들어 있습니다. 데이터가 손실되지 않게 하려면 해당 파일을 유니코드 형식으로 저장하십시오.
1>H:\Source\GithubDesktop\dk_client\Client\CShadowPartManager.h(1,1): warning C4819: 현재 코드 페이지(949)에서 표시할 수 없는 문자가 파일에 들어 있습니다. 데이터가 손실되지 않게 하려면 해당 파일을 유니코드 형식으로 저장하십시오.
1>H:\Source\GithubDesktop\dk_client\Client\SpriteLib/CSpriteSurface.h(1,1): warning C4819: 현재 코드 페이지(949)에서 표시할 수 없는 문자가 파일에 들어 있습니다. 데이터가 손실되지 않게 하려면 해당 파일을 유니코드 형식으로 저장하십시오.
1>H:\Source\GithubDesktop\dk_client\Client\SpriteLib/CShadowSprite.h(1,1): warning C4819: 현재 코드 페이지(949)에서 표시할 수 없는 문자가 파일에 들어 있습니다. 데이터가 손실되지 않게 하려면 해당 파일을 유니코드 형식으로 저장하십시오.
1>H:\Source\GithubDesktop\dk_client\Client\DrawTextNode.h(1,1): warning C4819: 현재 코드 페이지(949)에서 표시할 수 없는 문자가 파일에 들어 있습니다. 데이터가 손실되지 않게 하려면 해당 파일을 유니코드 형식으로 저장하십시오.
1>H:\Source\GithubDesktop\dk_client\Client\DrawItemNameNode.h(1,1): warning C4819: 현재 코드 페이지(949)에서 표시할 수 없는 문자가 파일에 들어 있습니다. 데이터가 손실되지 않게 하려면 해당 파일을 유니코드 형식으로 저장하십시오.
1>H:\Source\GithubDesktop\dk_client\Client\SpriteLib/CIndexSpritePack.h(1,1): warning C4819: 현재 코드 페이지(949)에서 표시할 수 없는 문자가 파일에 들어 있습니다. 데이터가 손실되지 않게 하려면 해당 파일을 유니코드 형식으로 저장하십시오.
1>H:\Source\GithubDesktop\dk_client\Client\SpriteLib/CFilterPack.h(1,1): warning C4819: 현재 코드 페이지(949)에서 표시할 수 없는 문자가 파일에 들어 있습니다. 데이터가 손실되지 않게 하려면 해당 파일을 유니코드 형식으로 저장하십시오.
1>H:\Source\GithubDesktop\dk_client\Client\SpriteLib/CSpriteSurface.h(1,1): warning C4819: 현재 코드 페이지(949)에서 표시할 수 없는 문자가 파일에 들어 있습니다. 데이터가 손실되지 않게 하려면 해당 파일을 유니코드 형식으로 저장하십시오.
1>H:\Source\GithubDesktop\dk_client\Client\SpriteLib/CSpritePack.h(1,1): warning C4819: 현재 코드 페이지(949)에서 표시할 수 없는 문자가 파일에 들어 있습니다. 데이터가 손실되지 않게 하려면 해당 파일을 유니코드 형식으로 저장하십시오.
1>H:\Source\GithubDesktop\dk_client\Client\MTopView.h(688,1): warning C4819: 현재 코드 페이지(949)에서 표시할 수 없는 문자가 파일에 들어 있습니다. 데이터가 손실되지 않게 하려면 해당 파일을 유니코드 형식으로 저장하십시오.
1>H:\Source\GithubDesktop\dk_client\Client\MEffectManager.h(40,29): warning C4267: 'return': 'size_t'에서 'int'(으)로 변환하면서 데이터가 손실될 수 있습니다.
1>H:\Source\GithubDesktop\dk_client\Client\MWorkThread.h(1,1): warning C4819: 현재 코드 페이지(949)에서 표시할 수 없는 문자가 파일에 들어 있습니다. 데이터가 손실되지 않게 하려면 해당 파일을 유니코드 형식으로 저장하십시오.
1>H:\Source\GithubDesktop\dk_client\Client\MWorkThread.h(61,1): warning C4005: 'THREAD_PRIORITY_ABOVE_NORMAL': 매크로 재정의
1>C:\Program Files (x86)\Windows Kits\10\Include\10.0.28000.0\um\winbase.h(730): message : 'THREAD_PRIORITY_ABOVE_NORMAL'의 이전 정의를 참조하십시오.
1>H:\Source\GithubDesktop\dk_client\Client\MWorkThread.h(62,1): warning C4005: 'THREAD_PRIORITY_BELOW_NORMAL': 매크로 재정의
1>C:\Program Files (x86)\Windows Kits\10\Include\10.0.28000.0\um\winbase.h(727): message : 'THREAD_PRIORITY_BELOW_NORMAL'의 이전 정의를 참조하십시오.
1>H:\Source\GithubDesktop\dk_client\Client\MWorkThread.h(63,1): warning C4005: 'THREAD_PRIORITY_HIGHEST': 매크로 재정의
1>C:\Program Files (x86)\Windows Kits\10\Include\10.0.28000.0\um\winbase.h(729): message : 'THREAD_PRIORITY_HIGHEST'의 이전 정의를 참조하십시오.
1>H:\Source\GithubDesktop\dk_client\Client\MWorkThread.h(64,1): warning C4005: 'THREAD_PRIORITY_LOWEST': 매크로 재정의
1>C:\Program Files (x86)\Windows Kits\10\Include\10.0.28000.0\um\winbase.h(726): message : 'THREAD_PRIORITY_LOWEST'의 이전 정의를 참조하십시오.
1>H:\Source\GithubDesktop\dk_client\Client\MWorkThread.h(67,1): warning C4005: 'WAIT_OBJECT_0': 매크로 재정의
1>C:\Program Files (x86)\Windows Kits\10\Include\10.0.28000.0\um\winbase.h(110): message : 'WAIT_OBJECT_0'의 이전 정의를 참조하십시오.
1>H:\Source\GithubDesktop\dk_client\Client\MWorkThread.h(68,1): warning C4005: 'WAIT_TIMEOUT': 매크로 재정의
1>C:\Program Files (x86)\Windows Kits\10\Include\10.0.28000.0\shared\winerror.h(1918): message : 'WAIT_TIMEOUT'의 이전 정의를 참조하십시오.
1>H:\Source\GithubDesktop\dk_client\Client\MWorkNode.h(1,1): warning C4819: 현재 코드 페이지(949)에서 표시할 수 없는 문자가 파일에 들어 있습니다. 데이터가 손실되지 않게 하려면 해당 파일을 유니코드 형식으로 저장하십시오.
1>H:\Source\GithubDesktop\dk_client\Client\MWorkThread.h(114,30): warning C4267: 'return': 'size_t'에서 'int'(으)로 변환하면서 데이터가 손실될 수 있습니다.
1>H:\Source\GithubDesktop\dk_client\Client\MLoadingSPKWorkNode.h(1,1): warning C4819: 현재 코드 페이지(949)에서 표시할 수 없는 문자가 파일에 들어 있습니다. 데이터가 손실되지 않게 하려면 해당 파일을 유니코드 형식으로 저장하십시오.
1>H:\Source\GithubDesktop\dk_client\Client\SpriteLib/CSpriteDef.h(1,1): warning C4819: 현재 코드 페이지(949)에서 표시할 수 없는 문자가 파일에 들어 있습니다. 데이터가 손실되지 않게 하려면 해당 파일을 유니코드 형식으로 저장하십시오.
1>H:\Source\GithubDesktop\dk_client\Client\SpriteLib/CSpritePack.h(1,1): warning C4819: 현재 코드 페이지(949)에서 표시할 수 없는 문자가 파일에 들어 있습니다. 데이터가 손실되지 않게 하려면 해당 파일을 유니코드 형식으로 저장하십시오.
1>H:\Source\GithubDesktop\dk_client\Client\MLoadingSPKWorkNode.h(83,4): warning C4996: 'strcpy': This function or variable may be unsafe. Consider using strcpy_s instead. To disable deprecation, use _CRT_SECURE_NO_WARNINGS. See online help for details.
1>H:\Source\GithubDesktop\dk_client\Client\MLoadingSPKWorkNode.h(96,71): warning C4996: 'strcpy': This function or variable may be unsafe. Consider using strcpy_s instead. To disable deprecation, use _CRT_SECURE_NO_WARNINGS. See online help for details.
1>H:\Source\GithubDesktop\dk_client\Client\SpriteLib/CStorageSurface.h(1,1): warning C4819: 현재 코드 페이지(949)에서 표시할 수 없는 문자가 파일에 들어 있습니다. 데이터가 손실되지 않게 하려면 해당 파일을 유니코드 형식으로 저장하십시오.
1>H:\Source\GithubDesktop\dk_client\Client\SkillDef.h(1,1): warning C4819: 현재 코드 페이지(949)에서 표시할 수 없는 문자가 파일에 들어 있습니다. 데이터가 손실되지 않게 하려면 해당 파일을 유니코드 형식으로 저장하십시오.
1>H:\Source\GithubDesktop\dk_client\Client\SkillDef.h(831,1): warning C4819: 현재 코드 페이지(949)에서 표시할 수 없는 문자가 파일에 들어 있습니다. 데이터가 손실되지 않게 하려면 해당 파일을 유니코드 형식으로 저장하십시오.
1>H:\Source\GithubDesktop\dk_client\Client\SkillDef.h(1610,1): warning C4819: 현재 코드 페이지(949)에서 표시할 수 없는 문자가 파일에 들어 있습니다. 데이터가 손실되지 않게 하려면 해당 파일을 유니코드 형식으로 저장하십시오.
1>H:\Source\GithubDesktop\dk_client\Client\MSkillManager.h(1,1): warning C4819: 현재 코드 페이지(949)에서 표시할 수 없는 문자가 파일에 들어 있습니다. 데이터가 손실되지 않게 하려면 해당 파일을 유니코드 형식으로 저장하십시오.
1>H:\Source\GithubDesktop\dk_client\Client\ExpInfo.h(1,1): warning C4819: 현재 코드 페이지(949)에서 표시할 수 없는 문자가 파일에 들어 있습니다. 데이터가 손실되지 않게 하려면 해당 파일을 유니코드 형식으로 저장하십시오.
1>H:\Source\GithubDesktop\dk_client\Client\MSkillManager.h(515,27): warning C4267: 'return': 'size_t'에서 'int'(으)로 변환하면서 데이터가 손실될 수 있습니다.
1>H:\Source\GithubDesktop\dk_client\Client\ClientFunction.h(1,1): warning C4819: 현재 코드 페이지(949)에서 표시할 수 없는 문자가 파일에 들어 있습니다. 데이터가 손실되지 않게 하려면 해당 파일을 유니코드 형식으로 저장하십시오.
1>H:\Source\GithubDesktop\dk_client\Client\MInventory.h(1,1): warning C4819: 현재 코드 페이지(949)에서 표시할 수 없는 문자가 파일에 들어 있습니다. 데이터가 손실되지 않게 하려면 해당 파일을 유니코드 형식으로 저장하십시오.
1>H:\Source\GithubDesktop\dk_client\Client\MSlayerGear.h(1,1): warning C4819: 현재 코드 페이지(949)에서 표시할 수 없는 문자가 파일에 들어 있습니다. 데이터가 손실되지 않게 하려면 해당 파일을 유니코드 형식으로 저장하십시오.
1>H:\Source\GithubDesktop\dk_client\Client\MPlayerGear.h(1,1): warning C4819: 현재 코드 페이지(949)에서 표시할 수 없는 문자가 파일에 들어 있습니다. 데이터가 손실되지 않게 하려면 해당 파일을 유니코드 형식으로 저장하십시오.
1>H:\Source\GithubDesktop\dk_client\Client\PacketDef.h(1,1): warning C4819: 현재 코드 페이지(949)에서 표시할 수 없는 문자가 파일에 들어 있습니다. 데이터가 손실되지 않게 하려면 해당 파일을 유니코드 형식으로 저장하십시오.
1>H:\Source\GithubDesktop\dk_client\Client\Packet/Cpackets/CLVersionCheck.h(1,1): warning C4819: 현재 코드 페이지(949)에서 표시할 수 없는 문자가 파일에 들어 있습니다. 데이터가 손실되지 않게 하려면 해당 파일을 유니코드 형식으로 저장하십시오.
1>H:\Source\GithubDesktop\dk_client\Client\Packet/Cpackets/CLVersionCheck.h(30,81): warning C4290: 함수가 __declspec(nothrow)가 아님을 나타내려는 경우를 제외하고 C++ 예외 사양은 무시됩니다.
1>H:\Source\GithubDesktop\dk_client\Client\Packet/Cpackets/CLVersionCheck.h(33,89): warning C4290: 함수가 __declspec(nothrow)가 아님을 나타내려는 경우를 제외하고 C++ 예외 사양은 무시됩니다.
1>H:\Source\GithubDesktop\dk_client\Client\Packet/Cpackets/CLVersionCheck.h(36,70): warning C4290: 함수가 __declspec(nothrow)가 아님을 나타내려는 경우를 제외하고 C++ 예외 사양은 무시됩니다.
1>H:\Source\GithubDesktop\dk_client\Client\Packet/Cpackets/CLLogout.h(1,1): warning C4819: 현재 코드 페이지(949)에서 표시할 수 없는 문자가 파일에 들어 있습니다. 데이터가 손실되지 않게 하려면 해당 파일을 유니코드 형식으로 저장하십시오.
1>H:\Source\GithubDesktop\dk_client\Client\Packet/Cpackets/CLLogout.h(31,81): warning C4290: 함수가 __declspec(nothrow)가 아님을 나타내려는 경우를 제외하고 C++ 예외 사양은 무시됩니다.
1>H:\Source\GithubDesktop\dk_client\Client\Packet/Cpackets/CLLogout.h(34,89): warning C4290: 함수가 __declspec(nothrow)가 아님을 나타내려는 경우를 제외하고 C++ 예외 사양은 무시됩니다.
1>H:\Source\GithubDesktop\dk_client\Client\Packet/Cpackets/CLLogout.h(37,70): warning C4290: 함수가 __declspec(nothrow)가 아님을 나타내려는 경우를 제외하고 C++ 예외 사양은 무시됩니다.
1>H:\Source\GithubDesktop\dk_client\Client\Packet/Cpackets/CLLogin.h(1,1): warning C4819: 현재 코드 페이지(949)에서 표시할 수 없는 문자가 파일에 들어 있습니다. 데이터가 손실되지 않게 하려면 해당 파일을 유니코드 형식으로 저장하십시오.
1>H:\Source\GithubDesktop\dk_client\Client\Packet/Cpackets/CLLogin.h(30,81): warning C4290: 함수가 __declspec(nothrow)가 아님을 나타내려는 경우를 제외하고 C++ 예외 사양은 무시됩니다.
1>H:\Source\GithubDesktop\dk_client\Client\Packet/Cpackets/CLLogin.h(33,89): warning C4290: 함수가 __declspec(nothrow)가 아님을 나타내려는 경우를 제외하고 C++ 예외 사양은 무시됩니다.
1>H:\Source\GithubDesktop\dk_client\Client\Packet/Cpackets/CLLogin.h(36,70): warning C4290: 함수가 __declspec(nothrow)가 아님을 나타내려는 경우를 제외하고 C++ 예외 사양은 무시됩니다.
1>H:\Source\GithubDesktop\dk_client\Client\Packet/Cpackets/CLRegisterPlayer.h(1,1): warning C4819: 현재 코드 페이지(949)에서 표시할 수 없는 문자가 파일에 들어 있습니다. 데이터가 손실되지 않게 하려면 해당 파일을 유니코드 형식으로 저장하십시오.
1>H:\Source\GithubDesktop\dk_client\Client\Packet\PlayerInfo.h(1,1): warning C4819: 현재 코드 페이지(949)에서 표시할 수 없는 문자가 파일에 들어 있습니다. 데이터가 손실되지 않게 하려면 해당 파일을 유니코드 형식으로 저장하십시오.
1>H:\Source\GithubDesktop\dk_client\Client\Packet/Cpackets/CLRegisterPlayer.h(31,81): warning C4290: 함수가 __declspec(nothrow)가 아님을 나타내려는 경우를 제외하고 C++ 예외 사양은 무시됩니다.
1>H:\Source\GithubDesktop\dk_client\Client\Packet/Cpackets/CLRegisterPlayer.h(34,89): warning C4290: 함수가 __declspec(nothrow)가 아님을 나타내려는 경우를 제외하고 C++ 예외 사양은 무시됩니다.
1>H:\Source\GithubDesktop\dk_client\Client\Packet/Cpackets/CLRegisterPlayer.h(37,70): warning C4290: 함수가 __declspec(nothrow)가 아님을 나타내려는 경우를 제외하고 C++ 예외 사양은 무시됩니다.
1>H:\Source\GithubDesktop\dk_client\Client\Packet/Cpackets/CLRegisterPlayer.h(59,1): warning C4267: 'return': 'size_t'에서 'PacketSize_t'(으)로 변환하면서 데이터가 손실될 수 있습니다.
1>H:\Source\GithubDesktop\dk_client\Client\Packet/Cpackets/CLGetPCList.h(1,1): warning C4819: 현재 코드 페이지(949)에서 표시할 수 없는 문자가 파일에 들어 있습니다. 데이터가 손실되지 않게 하려면 해당 파일을 유니코드 형식으로 저장하십시오.
1>H:\Source\GithubDesktop\dk_client\Client\Packet/Cpackets/CLGetPCList.h(27,81): warning C4290: 함수가 __declspec(nothrow)가 아님을 나타내려는 경우를 제외하고 C++ 예외 사양은 무시됩니다.
1>H:\Source\GithubDesktop\dk_client\Client\Packet/Cpackets/CLGetPCList.h(30,89): warning C4290: 함수가 __declspec(nothrow)가 아님을 나타내려는 경우를 제외하고 C++ 예외 사양은 무시됩니다.
1>H:\Source\GithubDesktop\dk_client\Client\Packet/Cpackets/CLGetPCList.h(33,70): warning C4290: 함수가 __declspec(nothrow)가 아님을 나타내려는 경우를 제외하고 C++ 예외 사양은 무시됩니다.
1>H:\Source\GithubDesktop\dk_client\Client\Packet/Cpackets/CLCreatePC.h(1,1): warning C4819: 현재 코드 페이지(949)에서 표시할 수 없는 문자가 파일에 들어 있습니다. 데이터가 손실되지 않게 하려면 해당 파일을 유니코드 형식으로 저장하십시오.
1>H:\Source\GithubDesktop\dk_client\Client\Packet/Cpackets/CLCreatePC.h(50,74): warning C4290: 함수가 __declspec(nothrow)가 아님을 나타내려는 경우를 제외하고 C++ 예외 사양은 무시됩니다.
1>H:\Source\GithubDesktop\dk_client\Client\Packet/Cpackets/CLCreatePC.h(53,82): warning C4290: 함수가 __declspec(nothrow)가 아님을 나타내려는 경우를 제외하고 C++ 예외 사양은 무시됩니다.
1>H:\Source\GithubDesktop\dk_client\Client\Packet/Cpackets/CLCreatePC.h(56,62): warning C4290: 함수가 __declspec(nothrow)가 아님을 나타내려는 경우를 제외하고 C++ 예외 사양은 무시됩니다.
1>H:\Source\GithubDesktop\dk_client\Client\Packet/Cpackets/CLCreatePC.h(71,1): warning C4267: 'return': 'size_t'에서 'PacketSize_t'(으)로 변환하면서 데이터가 손실될 수 있습니다.
1>H:\Source\GithubDesktop\dk_client\Client\Packet/Cpackets/CLDeletePC.h(1,1): warning C4819: 현재 코드 페이지(949)에서 표시할 수 없는 문자가 파일에 들어 있습니다. 데이터가 손실되지 않게 하려면 해당 파일을 유니코드 형식으로 저장하십시오.
1>H:\Source\GithubDesktop\dk_client\Client\Packet/Cpackets/CLDeletePC.h(29,81): warning C4290: 함수가 __declspec(nothrow)가 아님을 나타내려는 경우를 제외하고 C++ 예외 사양은 무시됩니다.
1>H:\Source\GithubDesktop\dk_client\Client\Packet/Cpackets/CLDeletePC.h(32,89): warning C4290: 함수가 __declspec(nothrow)가 아님을 나타내려는 경우를 제외하고 C++ 예외 사양은 무시됩니다.
1>H:\Source\GithubDesktop\dk_client\Client\Packet/Cpackets/CLDeletePC.h(35,70): warning C4290: 함수가 __declspec(nothrow)가 아님을 나타내려는 경우를 제외하고 C++ 예외 사양은 무시됩니다.
1>H:\Source\GithubDesktop\dk_client\Client\Packet/Cpackets/CLDeletePC.h(41,47): warning C4267: 'return': 'size_t'에서 'PacketSize_t'(으)로 변환하면서 데이터가 손실될 수 있습니다.
1>H:\Source\GithubDesktop\dk_client\Client\Packet/Cpackets/CLSelectPC.h(1,1): warning C4819: 현재 코드 페이지(949)에서 표시할 수 없는 문자가 파일에 들어 있습니다. 데이터가 손실되지 않게 하려면 해당 파일을 유니코드 형식으로 저장하십시오.
1>H:\Source\GithubDesktop\dk_client\Client\Packet\Player.h(1,1): warning C4819: 현재 코드 페이지(949)에서 표시할 수 없는 문자가 파일에 들어 있습니다. 데이터가 손실되지 않게 하려면 해당 파일을 유니코드 형식으로 저장하십시오.
1>H:\Source\GithubDesktop\dk_client\Client\Packet\Player.h(47,8): warning C4290: 함수가 __declspec(nothrow)가 아님을 나타내려는 경우를 제외하고 C++ 예외 사양은 무시됩니다.
1>H:\Source\GithubDesktop\dk_client\Client\Packet\Player.h(48,9): warning C4290: 함수가 __declspec(nothrow)가 아님을 나타내려는 경우를 제외하고 C++ 예외 사양은 무시됩니다.
1>H:\Source\GithubDesktop\dk_client\Client\Packet\Player.h(51,55): warning C4290: 함수가 __declspec(nothrow)가 아님을 나타내려는 경우를 제외하고 C++ 예외 사양은 무시됩니다.
1>H:\Source\GithubDesktop\dk_client\Client\Packet\Player.h(54,59): warning C4290: 함수가 __declspec(nothrow)가 아님을 나타내려는 경우를 제외하고 C++ 예외 사양은 무시됩니다.
1>H:\Source\GithubDesktop\dk_client\Client\Packet\Player.h(57,61): warning C4290: 함수가 __declspec(nothrow)가 아님을 나타내려는 경우를 제외하고 C++ 예외 사양은 무시됩니다.
1>H:\Source\GithubDesktop\dk_client\Client\Packet\Player.h(60,60): warning C4290: 함수가 __declspec(nothrow)가 아님을 나타내려는 경우를 제외하고 C++ 예외 사양은 무시됩니다.
1>H:\Source\GithubDesktop\dk_client\Client\Packet\Player.h(63,81): warning C4290: 함수가 __declspec(nothrow)가 아님을 나타내려는 경우를 제외하고 C++ 예외 사양은 무시됩니다.
1>H:\Source\GithubDesktop\dk_client\Client\Packet\Player.h(69,98): warning C4290: 함수가 __declspec(nothrow)가 아님을 나타내려는 경우를 제외하고 C++ 예외 사양은 무시됩니다.
1>H:\Source\GithubDesktop\dk_client\Client\Packet\Player.h(80,74): warning C4290: 함수가 __declspec(nothrow)가 아님을 나타내려는 경우를 제외하고 C++ 예외 사양은 무시됩니다.
1>H:\Source\GithubDesktop\dk_client\Client\Packet/Cpackets/CLSelectPC.h(30,81): warning C4290: 함수가 __declspec(nothrow)가 아님을 나타내려는 경우를 제외하고 C++ 예외 사양은 무시됩니다.
1>H:\Source\GithubDesktop\dk_client\Client\Packet/Cpackets/CLSelectPC.h(33,89): warning C4290: 함수가 __declspec(nothrow)가 아님을 나타내려는 경우를 제외하고 C++ 예외 사양은 무시됩니다.
1>H:\Source\GithubDesktop\dk_client\Client\Packet/Cpackets/CLSelectPC.h(36,70): warning C4290: 함수가 __declspec(nothrow)가 아님을 나타내려는 경우를 제외하고 C++ 예외 사양은 무시됩니다.
1>H:\Source\GithubDesktop\dk_client\Client\Packet/Cpackets/CLSelectPC.h(45,1): warning C4267: 'return': 'size_t'에서 'PacketSize_t'(으)로 변환하면서 데이터가 손실될 수 있습니다.
1>H:\Source\GithubDesktop\dk_client\Client\Packet/Cpackets/CLQueryPlayerID.h(1,1): warning C4819: 현재 코드 페이지(949)에서 표시할 수 없는 문자가 파일에 들어 있습니다. 데이터가 손실되지 않게 하려면 해당 파일을 유니코드 형식으로 저장하십시오.
1>H:\Source\GithubDesktop\dk_client\Client\Packet/Cpackets/CLQueryPlayerID.h(30,81): warning C4290: 함수가 __declspec(nothrow)가 아님을 나타내려는 경우를 제외하고 C++ 예외 사양은 무시됩니다.
1>H:\Source\GithubDesktop\dk_client\Client\Packet/Cpackets/CLQueryPlayerID.h(33,89): warning C4290: 함수가 __declspec(nothrow)가 아님을 나타내려는 경우를 제외하고 C++ 예외 사양은 무시됩니다.
1>H:\Source\GithubDesktop\dk_client\Client\Packet/Cpackets/CLQueryPlayerID.h(36,70): warning C4290: 함수가 __declspec(nothrow)가 아님을 나타내려는 경우를 제외하고 C++ 예외 사양은 무시됩니다.
1>H:\Source\GithubDesktop\dk_client\Client\Packet/Cpackets/CLQueryPlayerID.h(44,1): warning C4267: 'return': 'size_t'에서 'PacketSize_t'(으)로 변환하면서 데이터가 손실될 수 있습니다.
1>H:\Source\GithubDesktop\dk_client\Client\Packet/PacketFactoryManager.h(1,1): warning C4819: 현재 코드 페이지(949)에서 표시할 수 없는 문자가 파일에 들어 있습니다. 데이터가 손실되지 않게 하려면 해당 파일을 유니코드 형식으로 저장하십시오.
1>H:\Source\GithubDesktop\dk_client\Client\Packet/PacketFactoryManager.h(35,27): warning C4290: 함수가 __declspec(nothrow)가 아님을 나타내려는 경우를 제외하고 C++ 예외 사양은 무시됩니다.
1>H:\Source\GithubDesktop\dk_client\Client\Packet/PacketFactoryManager.h(38,56): warning C4290: 함수가 __declspec(nothrow)가 아님을 나타내려는 경우를 제외하고 C++ 예외 사양은 무시됩니다.
1>H:\Source\GithubDesktop\dk_client\Client\Packet/PacketFactoryManager.h(41,83): warning C4290: 함수가 __declspec(nothrow)가 아님을 나타내려는 경우를 제외하고 C++ 예외 사양은 무시됩니다.
1>H:\Source\GithubDesktop\dk_client\Client\Packet/PacketFactoryManager.h(52,92): warning C4290: 함수가 __declspec(nothrow)가 아님을 나타내려는 경우를 제외하고 C++ 예외 사양은 무시됩니다.
1>H:\Source\GithubDesktop\dk_client\Client\Packet/PacketValidator.h(1,1): warning C4819: 현재 코드 페이지(949)에서 표시할 수 없는 문자가 파일에 들어 있습니다. 데이터가 손실되지 않게 하려면 해당 파일을 유니코드 형식으로 저장하십시오.
1>H:\Source\GithubDesktop\dk_client\Client\Packet\PacketIDSet.h(1,1): warning C4819: 현재 코드 페이지(949)에서 표시할 수 없는 문자가 파일에 들어 있습니다. 데이터가 손실되지 않게 하려면 해당 파일을 유니코드 형식으로 저장하십시오.
1>H:\Source\GithubDesktop\dk_client\Client\Packet\PlayerStatus.h(1,1): warning C4819: 현재 코드 페이지(949)에서 표시할 수 없는 문자가 파일에 들어 있습니다. 데이터가 손실되지 않게 하려면 해당 파일을 유니코드 형식으로 저장하십시오.
1>H:\Source\GithubDesktop\dk_client\Client\Packet\PacketIDSet.h(52,71): warning C4290: 함수가 __declspec(nothrow)가 아님을 나타내려는 경우를 제외하고 C++ 예외 사양은 무시됩니다.
1>H:\Source\GithubDesktop\dk_client\Client\Packet\PacketIDSet.h(55,77): warning C4290: 함수가 __declspec(nothrow)가 아님을 나타내려는 경우를 제외하고 C++ 예외 사양은 무시됩니다.
1>H:\Source\GithubDesktop\dk_client\Client\Packet\PacketIDSet.h(58,104): warning C4290: 함수가 __declspec(nothrow)가 아님을 나타내려는 경우를 제외하고 C++ 예외 사양은 무시됩니다.
1>H:\Source\GithubDesktop\dk_client\Client\Packet/PacketValidator.h(39,49): warning C4290: 함수가 __declspec(nothrow)가 아님을 나타내려는 경우를 제외하고 C++ 예외 사양은 무시됩니다.
1>H:\Source\GithubDesktop\dk_client\Client\Packet/PacketValidator.h(42,114): warning C4290: 함수가 __declspec(nothrow)가 아님을 나타내려는 경우를 제외하고 C++ 예외 사양은 무시됩니다.
1>H:\Source\GithubDesktop\dk_client\Client\Packet/PacketValidator.h(45,120): warning C4290: 함수가 __declspec(nothrow)가 아님을 나타내려는 경우를 제외하고 C++ 예외 사양은 무시됩니다.
1>H:\Source\GithubDesktop\dk_client\Client\Packet/PacketValidator.h(48,138): warning C4290: 함수가 __declspec(nothrow)가 아님을 나타내려는 경우를 제외하고 C++ 예외 사양은 무시됩니다.
1>H:\Source\GithubDesktop\dk_client\Client\Packet/Properties.h(1,1): warning C4819: 현재 코드 페이지(949)에서 표시할 수 없는 문자가 파일에 들어 있습니다. 데이터가 손실되지 않게 하려면 해당 파일을 유니코드 형식으로 저장하십시오.
1>H:\Source\GithubDesktop\dk_client\Client\Packet/Properties.h(72,43): warning C4290: 함수가 __declspec(nothrow)가 아님을 나타내려는 경우를 제외하고 C++ 예외 사양은 무시됩니다.
1>H:\Source\GithubDesktop\dk_client\Client\Packet/Properties.h(73,73): warning C4290: 함수가 __declspec(nothrow)가 아님을 나타내려는 경우를 제외하고 C++ 예외 사양은 무시됩니다.
1>H:\Source\GithubDesktop\dk_client\Client\Packet/Properties.h(76,35): warning C4290: 함수가 __declspec(nothrow)가 아님을 나타내려는 경우를 제외하고 C++ 예외 사양은 무시됩니다.
1>H:\Source\GithubDesktop\dk_client\Client\Packet/Properties.h(77,65): warning C4290: 함수가 __declspec(nothrow)가 아님을 나타내려는 경우를 제외하고 C++ 예외 사양은 무시됩니다.
1>H:\Source\GithubDesktop\dk_client\Client\Packet/Properties.h(80,83): warning C4290: 함수가 __declspec(nothrow)가 아님을 나타내려는 경우를 제외하고 C++ 예외 사양은 무시됩니다.
1>H:\Source\GithubDesktop\dk_client\Client\Packet/Properties.h(81,78): warning C4290: 함수가 __declspec(nothrow)가 아님을 나타내려는 경우를 제외하고 C++ 예외 사양은 무시됩니다.
1>H:\Source\GithubDesktop\dk_client\Client\Packet/Properties.h(82,83): warning C4290: 함수가 __declspec(nothrow)가 아님을 나타내려는 경우를 제외하고 C++ 예외 사양은 무시됩니다.
1>H:\Source\GithubDesktop\dk_client\Client\Packet/Properties.h(83,78): warning C4290: 함수가 __declspec(nothrow)가 아님을 나타내려는 경우를 제외하고 C++ 예외 사양은 무시됩니다.
1>H:\Source\GithubDesktop\dk_client\Client\Packet/ClientPlayer.h(1,1): warning C4819: 현재 코드 페이지(949)에서 표시할 수 없는 문자가 파일에 들어 있습니다. 데이터가 손실되지 않게 하려면 해당 파일을 유니코드 형식으로 저장하십시오.
1>H:\Source\GithubDesktop\dk_client\Client\Packet/ClientPlayer.h(33,15): warning C4290: 함수가 __declspec(nothrow)가 아님을 나타내려는 경우를 제외하고 C++ 예외 사양은 무시됩니다.
1>H:\Source\GithubDesktop\dk_client\Client\Packet/ClientPlayer.h(36,53): warning C4290: 함수가 __declspec(nothrow)가 아님을 나타내려는 경우를 제외하고 C++ 예외 사양은 무시됩니다.
1>H:\Source\GithubDesktop\dk_client\Client\Packet/ClientPlayer.h(44,61): warning C4290: 함수가 __declspec(nothrow)가 아님을 나타내려는 경우를 제외하고 C++ 예외 사양은 무시됩니다.
1>H:\Source\GithubDesktop\dk_client\Client\Packet/ClientPlayer.h(54,98): warning C4290: 함수가 __declspec(nothrow)가 아님을 나타내려는 경우를 제외하고 C++ 예외 사양은 무시됩니다.
1>H:\Source\GithubDesktop\dk_client\Client\Packet/ClientPlayer.h(57,74): warning C4290: 함수가 __declspec(nothrow)가 아님을 나타내려는 경우를 제외하고 C++ 예외 사양은 무시됩니다.
1>H:\Source\GithubDesktop\dk_client\Client\Packet/ClientPlayer.h(63,95): warning C4290: 함수가 __declspec(nothrow)가 아님을 나타내려는 경우를 제외하고 C++ 예외 사양은 무시됩니다.
1>H:\Source\GithubDesktop\dk_client\Client\Packet/ClientPlayer.h(67,79): warning C4290: 함수가 __declspec(nothrow)가 아님을 나타내려는 경우를 제외하고 C++ 예외 사양은 무시됩니다.
1>H:\Source\GithubDesktop\dk_client\Client\Packet/ClientPlayer.h(96,37): warning C4290: 함수가 __declspec(nothrow)가 아님을 나타내려는 경우를 제외하고 C++ 예외 사양은 무시됩니다.
1>H:\Source\GithubDesktop\dk_client\Client\Packet/Cpackets/CGConnect.h(1,1): warning C4819: 현재 코드 페이지(949)에서 표시할 수 없는 문자가 파일에 들어 있습니다. 데이터가 손실되지 않게 하려면 해당 파일을 유니코드 형식으로 저장하십시오.
1>H:\Source\GithubDesktop\dk_client\Client\Packet/Cpackets/CGConnect.h(31,81): warning C4290: 함수가 __declspec(nothrow)가 아님을 나타내려는 경우를 제외하고 C++ 예외 사양은 무시됩니다.
1>H:\Source\GithubDesktop\dk_client\Client\Packet/Cpackets/CGConnect.h(34,89): warning C4290: 함수가 __declspec(nothrow)가 아님을 나타내려는 경우를 제외하고 C++ 예외 사양은 무시됩니다.
1>H:\Source\GithubDesktop\dk_client\Client\Packet/Cpackets/CGConnect.h(37,70): warning C4290: 함수가 __declspec(nothrow)가 아님을 나타내려는 경우를 제외하고 C++ 예외 사양은 무시됩니다.
1>H:\Source\GithubDesktop\dk_client\Client\Packet/Cpackets/CGConnect.h(48,1): warning C4267: 'return': 'size_t'에서 'PacketSize_t'(으)로 변환하면서 데이터가 손실될 수 있습니다.
1>H:\Source\GithubDesktop\dk_client\Client\Packet/Cpackets/CGReady.h(1,1): warning C4819: 현재 코드 페이지(949)에서 표시할 수 없는 문자가 파일에 들어 있습니다. 데이터가 손실되지 않게 하려면 해당 파일을 유니코드 형식으로 저장하십시오.
1>H:\Source\GithubDesktop\dk_client\Client\Packet/Cpackets/CGReady.h(27,81): warning C4290: 함수가 __declspec(nothrow)가 아님을 나타내려는 경우를 제외하고 C++ 예외 사양은 무시됩니다.
1>H:\Source\GithubDesktop\dk_client\Client\Packet/Cpackets/CGReady.h(30,89): warning C4290: 함수가 __declspec(nothrow)가 아님을 나타내려는 경우를 제외하고 C++ 예외 사양은 무시됩니다.
1>H:\Source\GithubDesktop\dk_client\Client\Packet/Cpackets/CGReady.h(33,70): warning C4290: 함수가 __declspec(nothrow)가 아님을 나타내려는 경우를 제외하고 C++ 예외 사양은 무시됩니다.
1>H:\Source\GithubDesktop\dk_client\Client\Packet/Cpackets/CGMove.h(1,1): warning C4819: 현재 코드 페이지(949)에서 표시할 수 없는 문자가 파일에 들어 있습니다. 데이터가 손실되지 않게 하려면 해당 파일을 유니코드 형식으로 저장하십시오.
1>H:\Source\GithubDesktop\dk_client\Client\Packet/Cpackets/CGMove.h(28,81): warning C4290: 함수가 __declspec(nothrow)가 아님을 나타내려는 경우를 제외하고 C++ 예외 사양은 무시됩니다.
1>H:\Source\GithubDesktop\dk_client\Client\Packet/Cpackets/CGMove.h(31,89): warning C4290: 함수가 __declspec(nothrow)가 아님을 나타내려는 경우를 제외하고 C++ 예외 사양은 무시됩니다.
1>H:\Source\GithubDesktop\dk_client\Client\Packet/Cpackets/CGMove.h(34,70): warning C4290: 함수가 __declspec(nothrow)가 아님을 나타내려는 경우를 제외하고 C++ 예외 사양은 무시됩니다.
1>H:\Source\GithubDesktop\dk_client\Client\Packet/Cpackets/CGLogout.h(1,1): warning C4819: 현재 코드 페이지(949)에서 표시할 수 없는 문자가 파일에 들어 있습니다. 데이터가 손실되지 않게 하려면 해당 파일을 유니코드 형식으로 저장하십시오.
1>H:\Source\GithubDesktop\dk_client\Client\Packet/Cpackets/CGLogout.h(31,81): warning C4290: 함수가 __declspec(nothrow)가 아님을 나타내려는 경우를 제외하고 C++ 예외 사양은 무시됩니다.
1>H:\Source\GithubDesktop\dk_client\Client\Packet/Cpackets/CGLogout.h(34,89): warning C4290: 함수가 __declspec(nothrow)가 아님을 나타내려는 경우를 제외하고 C++ 예외 사양은 무시됩니다.
1>H:\Source\GithubDesktop\dk_client\Client\Packet/Cpackets/CGLogout.h(37,70): warning C4290: 함수가 __declspec(nothrow)가 아님을 나타내려는 경우를 제외하고 C++ 예외 사양은 무시됩니다.
1>H:\Source\GithubDesktop\dk_client\Client\Packet/Cpackets/CGDialUp.h(1,1): warning C4819: 현재 코드 페이지(949)에서 표시할 수 없는 문자가 파일에 들어 있습니다. 데이터가 손실되지 않게 하려면 해당 파일을 유니코드 형식으로 저장하십시오.
1>H:\Source\GithubDesktop\dk_client\Client\Packet/Cpackets/CGDialUp.h(35,81): warning C4290: 함수가 __declspec(nothrow)가 아님을 나타내려는 경우를 제외하고 C++ 예외 사양은 무시됩니다.
1>H:\Source\GithubDesktop\dk_client\Client\Packet/Cpackets/CGDialUp.h(38,89): warning C4290: 함수가 __declspec(nothrow)가 아님을 나타내려는 경우를 제외하고 C++ 예외 사양은 무시됩니다.
1>H:\Source\GithubDesktop\dk_client\Client\Packet/Cpackets/CGDialUp.h(41,70): warning C4290: 함수가 __declspec(nothrow)가 아님을 나타내려는 경우를 제외하고 C++ 예외 사양은 무시됩니다.
1>H:\Source\GithubDesktop\dk_client\Client\Packet/Cpackets/CGPhoneDisconnect.h(1,1): warning C4819: 현재 코드 페이지(949)에서 표시할 수 없는 문자가 파일에 들어 있습니다. 데이터가 손실되지 않게 하려면 해당 파일을 유니코드 형식으로 저장하십시오.
1>H:\Source\GithubDesktop\dk_client\Client\Packet/Cpackets/CGPhoneDisconnect.h(35,81): warning C4290: 함수가 __declspec(nothrow)가 아님을 나타내려는 경우를 제외하고 C++ 예외 사양은 무시됩니다.
1>H:\Source\GithubDesktop\dk_client\Client\Packet/Cpackets/CGPhoneDisconnect.h(38,89): warning C4290: 함수가 __declspec(nothrow)가 아님을 나타내려는 경우를 제외하고 C++ 예외 사양은 무시됩니다.
1>H:\Source\GithubDesktop\dk_client\Client\Packet/Cpackets/CGPhoneDisconnect.h(41,70): warning C4290: 함수가 __declspec(nothrow)가 아님을 나타내려는 경우를 제외하고 C++ 예외 사양은 무시됩니다.
1>H:\Source\GithubDesktop\dk_client\Client\Packet/Cpackets/CGPhoneSay.h(1,1): warning C4819: 현재 코드 페이지(949)에서 표시할 수 없는 문자가 파일에 들어 있습니다. 데이터가 손실되지 않게 하려면 해당 파일을 유니코드 형식으로 저장하십시오.
1>H:\Source\GithubDesktop\dk_client\Client\Packet/Cpackets/CGPhoneSay.h(30,81): warning C4290: 함수가 __declspec(nothrow)가 아님을 나타내려는 경우를 제외하고 C++ 예외 사양은 무시됩니다.
1>H:\Source\GithubDesktop\dk_client\Client\Packet/Cpackets/CGPhoneSay.h(33,89): warning C4290: 함수가 __declspec(nothrow)가 아님을 나타내려는 경우를 제외하고 C++ 예외 사양은 무시됩니다.
1>H:\Source\GithubDesktop\dk_client\Client\Packet/Cpackets/CGPhoneSay.h(36,70): warning C4290: 함수가 __declspec(nothrow)가 아님을 나타내려는 경우를 제외하고 C++ 예외 사양은 무시됩니다.
1>H:\Source\GithubDesktop\dk_client\Client\Packet/Cpackets/CGPhoneSay.h(42,47): warning C4267: 'return': 'size_t'에서 'PacketSize_t'(으)로 변환하면서 데이터가 손실될 수 있습니다.
1>H:\Source\GithubDesktop\dk_client\Client\Packet/Cpackets/CGWhisper.h(1,1): warning C4819: 현재 코드 페이지(949)에서 표시할 수 없는 문자가 파일에 들어 있습니다. 데이터가 손실되지 않게 하려면 해당 파일을 유니코드 형식으로 저장하십시오.
1>H:\Source\GithubDesktop\dk_client\Client\Packet/Cpackets/CGWhisper.h(30,74): warning C4290: 함수가 __declspec(nothrow)가 아님을 나타내려는 경우를 제외하고 C++ 예외 사양은 무시됩니다.
1>H:\Source\GithubDesktop\dk_client\Client\Packet/Cpackets/CGWhisper.h(33,82): warning C4290: 함수가 __declspec(nothrow)가 아님을 나타내려는 경우를 제외하고 C++ 예외 사양은 무시됩니다.
1>H:\Source\GithubDesktop\dk_client\Client\Packet/Cpackets/CGWhisper.h(36,62): warning C4290: 함수가 __declspec(nothrow)가 아님을 나타내려는 경우를 제외하고 C++ 예외 사양은 무시됩니다.
1>H:\Source\GithubDesktop\dk_client\Client\Packet/Cpackets/CGWhisper.h(42,45): warning C4267: 'return': 'size_t'에서 'PacketSize_t'(으)로 변환하면서 데이터가 손실될 수 있습니다.
1>H:\Source\GithubDesktop\dk_client\Client\Packet/Cpackets/CGSay.h(1,1): warning C4819: 현재 코드 페이지(949)에서 표시할 수 없는 문자가 파일에 들어 있습니다. 데이터가 손실되지 않게 하려면 해당 파일을 유니코드 형식으로 저장하십시오.
1>H:\Source\GithubDesktop\dk_client\Client\Packet/Cpackets/CGSay.h(39,74): warning C4290: 함수가 __declspec(nothrow)가 아님을 나타내려는 경우를 제외하고 C++ 예외 사양은 무시됩니다.
1>H:\Source\GithubDesktop\dk_client\Client\Packet/Cpackets/CGSay.h(42,82): warning C4290: 함수가 __declspec(nothrow)가 아님을 나타내려는 경우를 제외하고 C++ 예외 사양은 무시됩니다.
1>H:\Source\GithubDesktop\dk_client\Client\Packet/Cpackets/CGSay.h(45,62): warning C4290: 함수가 __declspec(nothrow)가 아님을 나타내려는 경우를 제외하고 C++ 예외 사양은 무시됩니다.
1>H:\Source\GithubDesktop\dk_client\Client\Packet/Cpackets/CGSay.h(51,45): warning C4267: 'return': 'size_t'에서 'PacketSize_t'(으)로 변환하면서 데이터가 손실될 수 있습니다.
1>H:\Source\GithubDesktop\dk_client\Client\Packet/Cpackets/CGGlobalChat.h(1,1): warning C4819: 현재 코드 페이지(949)에서 표시할 수 없는 문자가 파일에 들어 있습니다. 데이터가 손실되지 않게 하려면 해당 파일을 유니코드 형식으로 저장하십시오.
1>H:\Source\GithubDesktop\dk_client\Client\Packet/Cpackets/CGGlobalChat.h(30,74): warning C4290: 함수가 __declspec(nothrow)가 아님을 나타내려는 경우를 제외하고 C++ 예외 사양은 무시됩니다.
1>H:\Source\GithubDesktop\dk_client\Client\Packet/Cpackets/CGGlobalChat.h(33,82): warning C4290: 함수가 __declspec(nothrow)가 아님을 나타내려는 경우를 제외하고 C++ 예외 사양은 무시됩니다.
1>H:\Source\GithubDesktop\dk_client\Client\Packet/Cpackets/CGGlobalChat.h(36,62): warning C4290: 함수가 __declspec(nothrow)가 아님을 나타내려는 경우를 제외하고 C++ 예외 사양은 무시됩니다.
1>H:\Source\GithubDesktop\dk_client\Client\Packet/Cpackets/CGGlobalChat.h(42,45): warning C4267: 'return': 'size_t'에서 'PacketSize_t'(으)로 변환하면서 데이터가 손실될 수 있습니다.
1>H:\Source\GithubDesktop\dk_client\Client\Packet/Cpackets/CGAttack.h(1,1): warning C4819: 현재 코드 페이지(949)에서 표시할 수 없는 문자가 파일에 들어 있습니다. 데이터가 손실되지 않게 하려면 해당 파일을 유니코드 형식으로 저장하십시오.
1>H:\Source\GithubDesktop\dk_client\Client\Packet/Cpackets/CGAttack.h(44,81): warning C4290: 함수가 __declspec(nothrow)가 아님을 나타내려는 경우를 제외하고 C++ 예외 사양은 무시됩니다.
1>H:\Source\GithubDesktop\dk_client\Client\Packet/Cpackets/CGAttack.h(47,89): warning C4290: 함수가 __declspec(nothrow)가 아님을 나타내려는 경우를 제외하고 C++ 예외 사양은 무시됩니다.
1>H:\Source\GithubDesktop\dk_client\Client\Packet/Cpackets/CGAttack.h(50,70): warning C4290: 함수가 __declspec(nothrow)가 아님을 나타내려는 경우를 제외하고 C++ 예외 사양은 무시됩니다.
1>H:\Source\GithubDesktop\dk_client\Client\Packet/Cpackets/CGCastingSkill.h(1,1): warning C4819: 현재 코드 페이지(949)에서 표시할 수 없는 문자가 파일에 들어 있습니다. 데이터가 손실되지 않게 하려면 해당 파일을 유니코드 형식으로 저장하십시오.
1>H:\Source\GithubDesktop\dk_client\Client\Packet/Cpackets/CGCastingSkill.h(39,81): warning C4290: 함수가 __declspec(nothrow)가 아님을 나타내려는 경우를 제외하고 C++ 예외 사양은 무시됩니다.
1>H:\Source\GithubDesktop\dk_client\Client\Packet/Cpackets/CGCastingSkill.h(42,89): warning C4290: 함수가 __declspec(nothrow)가 아님을 나타내려는 경우를 제외하고 C++ 예외 사양은 무시됩니다.
1>H:\Source\GithubDesktop\dk_client\Client\Packet/Cpackets/CGCastingSkill.h(45,70): warning C4290: 함수가 __declspec(nothrow)가 아님을 나타내려는 경우를 제외하고 C++ 예외 사양은 무시됩니다.
1>H:\Source\GithubDesktop\dk_client\Client\Packet/Cpackets/CGSkillToInventory.h(1,1): warning C4819: 현재 코드 페이지(949)에서 표시할 수 없는 문자가 파일에 들어 있습니다. 데이터가 손실되지 않게 하려면 해당 파일을 유니코드 형식으로 저장하십시오.
1>H:\Source\GithubDesktop\dk_client\Client\Packet/Cpackets/CGSkillToInventory.h(24,74): warning C4290: 함수가 __declspec(nothrow)가 아님을 나타내려는 경우를 제외하고 C++ 예외 사양은 무시됩니다.
1>H:\Source\GithubDesktop\dk_client\Client\Packet/Cpackets/CGSkillToInventory.h(25,82): warning C4290: 함수가 __declspec(nothrow)가 아님을 나타내려는 경우를 제외하고 C++ 예외 사양은 무시됩니다.
1>H:\Source\GithubDesktop\dk_client\Client\Packet/Cpackets/CGSkillToInventory.h(26,62): warning C4290: 함수가 __declspec(nothrow)가 아님을 나타내려는 경우를 제외하고 C++ 예외 사양은 무시됩니다.
1>H:\Source\GithubDesktop\dk_client\Client\Packet/Cpackets/CGSkillToSelf.h(1,1): warning C4819: 현재 코드 페이지(949)에서 표시할 수 없는 문자가 파일에 들어 있습니다. 데이터가 손실되지 않게 하려면 해당 파일을 유니코드 형식으로 저장하십시오.
1>H:\Source\GithubDesktop\dk_client\Client\Packet/Cpackets/CGSkillToSelf.h(39,81): warning C4290: 함수가 __declspec(nothrow)가 아님을 나타내려는 경우를 제외하고 C++ 예외 사양은 무시됩니다.
1>H:\Source\GithubDesktop\dk_client\Client\Packet/Cpackets/CGSkillToSelf.h(42,89): warning C4290: 함수가 __declspec(nothrow)가 아님을 나타내려는 경우를 제외하고 C++ 예외 사양은 무시됩니다.
1>H:\Source\GithubDesktop\dk_client\Client\Packet/Cpackets/CGSkillToSelf.h(45,70): warning C4290: 함수가 __declspec(nothrow)가 아님을 나타내려는 경우를 제외하고 C++ 예외 사양은 무시됩니다.
1>H:\Source\GithubDesktop\dk_client\Client\Packet/Cpackets/CGSkillToTile.h(1,1): warning C4819: 현재 코드 페이지(949)에서 표시할 수 없는 문자가 파일에 들어 있습니다. 데이터가 손실되지 않게 하려면 해당 파일을 유니코드 형식으로 저장하십시오.
1>H:\Source\GithubDesktop\dk_client\Client\Packet/Cpackets/CGSkillToTile.h(39,81): warning C4290: 함수가 __declspec(nothrow)가 아님을 나타내려는 경우를 제외하고 C++ 예외 사양은 무시됩니다.
1>H:\Source\GithubDesktop\dk_client\Client\Packet/Cpackets/CGSkillToTile.h(42,89): warning C4290: 함수가 __declspec(nothrow)가 아님을 나타내려는 경우를 제외하고 C++ 예외 사양은 무시됩니다.
1>H:\Source\GithubDesktop\dk_client\Client\Packet/Cpackets/CGSkillToTile.h(45,70): warning C4290: 함수가 __declspec(nothrow)가 아님을 나타내려는 경우를 제외하고 C++ 예외 사양은 무시됩니다.
1>H:\Source\GithubDesktop\dk_client\Client\Packet/Cpackets/CGSkillToObject.h(1,1): warning C4819: 현재 코드 페이지(949)에서 표시할 수 없는 문자가 파일에 들어 있습니다. 데이터가 손실되지 않게 하려면 해당 파일을 유니코드 형식으로 저장하십시오.
1>H:\Source\GithubDesktop\dk_client\Client\Packet/Cpackets/CGSkillToObject.h(39,81): warning C4290: 함수가 __declspec(nothrow)가 아님을 나타내려는 경우를 제외하고 C++ 예외 사양은 무시됩니다.
1>H:\Source\GithubDesktop\dk_client\Client\Packet/Cpackets/CGSkillToObject.h(42,89): warning C4290: 함수가 __declspec(nothrow)가 아님을 나타내려는 경우를 제외하고 C++ 예외 사양은 무시됩니다.
1>H:\Source\GithubDesktop\dk_client\Client\Packet/Cpackets/CGSkillToObject.h(45,70): warning C4290: 함수가 __declspec(nothrow)가 아님을 나타내려는 경우를 제외하고 C++ 예외 사양은 무시됩니다.
1>H:\Source\GithubDesktop\dk_client\Client\Packet/Cpackets/CGUnburrow.h(1,1): warning C4819: 현재 코드 페이지(949)에서 표시할 수 없는 문자가 파일에 들어 있습니다. 데이터가 손실되지 않게 하려면 해당 파일을 유니코드 형식으로 저장하십시오.
1>H:\Source\GithubDesktop\dk_client\Client\Packet/Cpackets/CGUnburrow.h(28,81): warning C4290: 함수가 __declspec(nothrow)가 아님을 나타내려는 경우를 제외하고 C++ 예외 사양은 무시됩니다.
1>H:\Source\GithubDesktop\dk_client\Client\Packet/Cpackets/CGUnburrow.h(31,89): warning C4290: 함수가 __declspec(nothrow)가 아님을 나타내려는 경우를 제외하고 C++ 예외 사양은 무시됩니다.
1>H:\Source\GithubDesktop\dk_client\Client\Packet/Cpackets/CGUnburrow.h(34,70): warning C4290: 함수가 __declspec(nothrow)가 아님을 나타내려는 경우를 제외하고 C++ 예외 사양은 무시됩니다.
1>H:\Source\GithubDesktop\dk_client\Client\Packet/Cpackets/CGBloodDrain.h(1,1): warning C4819: 현재 코드 페이지(949)에서 표시할 수 없는 문자가 파일에 들어 있습니다. 데이터가 손실되지 않게 하려면 해당 파일을 유니코드 형식으로 저장하십시오.
1>H:\Source\GithubDesktop\dk_client\Client\Packet/Cpackets/CGBloodDrain.h(44,81): warning C4290: 함수가 __declspec(nothrow)가 아님을 나타내려는 경우를 제외하고 C++ 예외 사양은 무시됩니다.
1>H:\Source\GithubDesktop\dk_client\Client\Packet/Cpackets/CGBloodDrain.h(47,89): warning C4290: 함수가 __declspec(nothrow)가 아님을 나타내려는 경우를 제외하고 C++ 예외 사양은 무시됩니다.
1>H:\Source\GithubDesktop\dk_client\Client\Packet/Cpackets/CGBloodDrain.h(50,70): warning C4290: 함수가 __declspec(nothrow)가 아님을 나타내려는 경우를 제외하고 C++ 예외 사양은 무시됩니다.
1>H:\Source\GithubDesktop\dk_client\Client\Packet/Cpackets/CGThrowBomb.h(26,74): warning C4290: 함수가 __declspec(nothrow)가 아님을 나타내려는 경우를 제외하고 C++ 예외 사양은 무시됩니다.
1>H:\Source\GithubDesktop\dk_client\Client\Packet/Cpackets/CGThrowBomb.h(27,82): warning C4290: 함수가 __declspec(nothrow)가 아님을 나타내려는 경우를 제외하고 C++ 예외 사양은 무시됩니다.
1>H:\Source\GithubDesktop\dk_client\Client\Packet/Cpackets/CGThrowBomb.h(28,62): warning C4290: 함수가 __declspec(nothrow)가 아님을 나타내려는 경우를 제외하고 C++ 예외 사양은 무시됩니다.
1>H:\Source\GithubDesktop\dk_client\Client\Packet/Cpackets/CGUntransform.h(1,1): warning C4819: 현재 코드 페이지(949)에서 표시할 수 없는 문자가 파일에 들어 있습니다. 데이터가 손실되지 않게 하려면 해당 파일을 유니코드 형식으로 저장하십시오.
1>H:\Source\GithubDesktop\dk_client\Client\Packet/Cpackets/CGUntransform.h(28,81): warning C4290: 함수가 __declspec(nothrow)가 아님을 나타내려는 경우를 제외하고 C++ 예외 사양은 무시됩니다.
1>H:\Source\GithubDesktop\dk_client\Client\Packet/Cpackets/CGUntransform.h(31,89): warning C4290: 함수가 __declspec(nothrow)가 아님을 나타내려는 경우를 제외하고 C++ 예외 사양은 무시됩니다.
1>H:\Source\GithubDesktop\dk_client\Client\Packet/Cpackets/CGUntransform.h(34,70): warning C4290: 함수가 __declspec(nothrow)가 아님을 나타내려는 경우를 제외하고 C++ 예외 사양은 무시됩니다.
1>H:\Source\GithubDesktop\dk_client\Client\Packet/Cpackets/CGVisible.h(1,1): warning C4819: 현재 코드 페이지(949)에서 표시할 수 없는 문자가 파일에 들어 있습니다. 데이터가 손실되지 않게 하려면 해당 파일을 유니코드 형식으로 저장하십시오.
1>H:\Source\GithubDesktop\dk_client\Client\Packet/Cpackets/CGVisible.h(28,81): warning C4290: 함수가 __declspec(nothrow)가 아님을 나타내려는 경우를 제외하고 C++ 예외 사양은 무시됩니다.
1>H:\Source\GithubDesktop\dk_client\Client\Packet/Cpackets/CGVisible.h(31,89): warning C4290: 함수가 __declspec(nothrow)가 아님을 나타내려는 경우를 제외하고 C++ 예외 사양은 무시됩니다.
1>H:\Source\GithubDesktop\dk_client\Client\Packet/Cpackets/CGVisible.h(34,70): warning C4290: 함수가 __declspec(nothrow)가 아님을 나타내려는 경우를 제외하고 C++ 예외 사양은 무시됩니다.
1>H:\Source\GithubDesktop\dk_client\Client\Packet/Cpackets/CGAbsorbSoul.h(1,1): warning C4819: 현재 코드 페이지(949)에서 표시할 수 없는 문자가 파일에 들어 있습니다. 데이터가 손실되지 않게 하려면 해당 파일을 유니코드 형식으로 저장하십시오.
1>H:\Source\GithubDesktop\dk_client\Client\Packet/Cpackets/CGAbsorbSoul.h(40,74): warning C4290: 함수가 __declspec(nothrow)가 아님을 나타내려는 경우를 제외하고 C++ 예외 사양은 무시됩니다.
1>H:\Source\GithubDesktop\dk_client\Client\Packet/Cpackets/CGAbsorbSoul.h(43,82): warning C4290: 함수가 __declspec(nothrow)가 아님을 나타내려는 경우를 제외하고 C++ 예외 사양은 무시됩니다.
1>H:\Source\GithubDesktop\dk_client\Client\Packet/Cpackets/CGAbsorbSoul.h(46,62): warning C4290: 함수가 __declspec(nothrow)가 아님을 나타내려는 경우를 제외하고 C++ 예외 사양은 무시됩니다.
1>H:\Source\GithubDesktop\dk_client\Client\Packet/Cpackets/CGAbsorbSoul.h(81,50): warning C4244: 'return': 'const ZoneCoord_t'에서 'Coord_t'(으)로 변환하면서 데이터가 손실될 수 있습니다.
1>H:\Source\GithubDesktop\dk_client\Client\Packet/Cpackets/CGAbsorbSoul.h(84,50): warning C4244: 'return': 'const ZoneCoord_t'에서 'Coord_t'(으)로 변환하면서 데이터가 손실될 수 있습니다.
1>H:\Source\GithubDesktop\dk_client\Client\Packet/Cpackets/CGAbsorbSoul.h(148,101): warning C4290: 함수가 __declspec(nothrow)가 아님을 나타내려는 경우를 제외하고 C++ 예외 사양은 무시됩니다.
1>H:\Source\GithubDesktop\dk_client\Client\Packet/Cpackets/CGLearnSkill.h(1,1): warning C4819: 현재 코드 페이지(949)에서 표시할 수 없는 문자가 파일에 들어 있습니다. 데이터가 손실되지 않게 하려면 해당 파일을 유니코드 형식으로 저장하십시오.
1>H:\Source\GithubDesktop\dk_client\Client\Packet/Cpackets/CGLearnSkill.h(22,78): warning C4290: 함수가 __declspec(nothrow)가 아님을 나타내려는 경우를 제외하고 C++ 예외 사양은 무시됩니다.
1>H:\Source\GithubDesktop\dk_client\Client\Packet/Cpackets/CGLearnSkill.h(23,86): warning C4290: 함수가 __declspec(nothrow)가 아님을 나타내려는 경우를 제외하고 C++ 예외 사양은 무시됩니다.
1>H:\Source\GithubDesktop\dk_client\Client\Packet/Cpackets/CGLearnSkill.h(24,70): warning C4290: 함수가 __declspec(nothrow)가 아님을 나타내려는 경우를 제외하고 C++ 예외 사양은 무시됩니다.
1>H:\Source\GithubDesktop\dk_client\Client\Packet/Cpackets/CGUseBonusPoint.h(1,1): warning C4819: 현재 코드 페이지(949)에서 표시할 수 없는 문자가 파일에 들어 있습니다. 데이터가 손실되지 않게 하려면 해당 파일을 유니코드 형식으로 저장하십시오.
1>H:\Source\GithubDesktop\dk_client\Client\Packet/Cpackets/CGUseBonusPoint.h(45,81): warning C4290: 함수가 __declspec(nothrow)가 아님을 나타내려는 경우를 제외하고 C++ 예외 사양은 무시됩니다.
1>H:\Source\GithubDesktop\dk_client\Client\Packet/Cpackets/CGUseBonusPoint.h(48,89): warning C4290: 함수가 __declspec(nothrow)가 아님을 나타내려는 경우를 제외하고 C++ 예외 사양은 무시됩니다.
1>H:\Source\GithubDesktop\dk_client\Client\Packet/Cpackets/CGUseBonusPoint.h(51,70): warning C4290: 함수가 __declspec(nothrow)가 아님을 나타내려는 경우를 제외하고 C++ 예외 사양은 무시됩니다.
1>H:\Source\GithubDesktop\dk_client\Client\Packet/Cpackets/CGSetSlayerHotKey.h(1,1): warning C4819: 현재 코드 페이지(949)에서 표시할 수 없는 문자가 파일에 들어 있습니다. 데이터가 손실되지 않게 하려면 해당 파일을 유니코드 형식으로 저장하십시오.
1>H:\Source\GithubDesktop\dk_client\Client\Packet/Cpackets/CGSetSlayerHotKey.h(28,81): warning C4290: 함수가 __declspec(nothrow)가 아님을 나타내려는 경우를 제외하고 C++ 예외 사양은 무시됩니다.
1>H:\Source\GithubDesktop\dk_client\Client\Packet/Cpackets/CGSetSlayerHotKey.h(31,89): warning C4290: 함수가 __declspec(nothrow)가 아님을 나타내려는 경우를 제외하고 C++ 예외 사양은 무시됩니다.
1>H:\Source\GithubDesktop\dk_client\Client\Packet/Cpackets/CGSetSlayerHotKey.h(34,70): warning C4290: 함수가 __declspec(nothrow)가 아님을 나타내려는 경우를 제외하고 C++ 예외 사양은 무시됩니다.
1>H:\Source\GithubDesktop\dk_client\Client\Packet/Cpackets/CGSetVampireHotKey.h(1,1): warning C4819: 현재 코드 페이지(949)에서 표시할 수 없는 문자가 파일에 들어 있습니다. 데이터가 손실되지 않게 하려면 해당 파일을 유니코드 형식으로 저장하십시오.
1>H:\Source\GithubDesktop\dk_client\Client\Packet/Cpackets/CGSetVampireHotKey.h(28,81): warning C4290: 함수가 __declspec(nothrow)가 아님을 나타내려는 경우를 제외하고 C++ 예외 사양은 무시됩니다.
1>H:\Source\GithubDesktop\dk_client\Client\Packet/Cpackets/CGSetVampireHotKey.h(31,89): warning C4290: 함수가 __declspec(nothrow)가 아님을 나타내려는 경우를 제외하고 C++ 예외 사양은 무시됩니다.
1>H:\Source\GithubDesktop\dk_client\Client\Packet/Cpackets/CGSetVampireHotKey.h(34,70): warning C4290: 함수가 __declspec(nothrow)가 아님을 나타내려는 경우를 제외하고 C++ 예외 사양은 무시됩니다.
1>H:\Source\GithubDesktop\dk_client\Client\Packet/Cpackets/CGAddGearToMouse.h(1,1): warning C4819: 현재 코드 페이지(949)에서 표시할 수 없는 문자가 파일에 들어 있습니다. 데이터가 손실되지 않게 하려면 해당 파일을 유니코드 형식으로 저장하십시오.
1>H:\Source\GithubDesktop\dk_client\Client\Packet/Cpackets/CGAddGearToMouse.h(35,81): warning C4290: 함수가 __declspec(nothrow)가 아님을 나타내려는 경우를 제외하고 C++ 예외 사양은 무시됩니다.
1>H:\Source\GithubDesktop\dk_client\Client\Packet/Cpackets/CGAddGearToMouse.h(38,89): warning C4290: 함수가 __declspec(nothrow)가 아님을 나타내려는 경우를 제외하고 C++ 예외 사양은 무시됩니다.
1>H:\Source\GithubDesktop\dk_client\Client\Packet/Cpackets/CGAddGearToMouse.h(41,70): warning C4290: 함수가 __declspec(nothrow)가 아님을 나타내려는 경우를 제외하고 C++ 예외 사양은 무시됩니다.
1>H:\Source\GithubDesktop\dk_client\Client\Packet/Cpackets/CGAddInventoryToMouse.h(1,1): warning C4819: 현재 코드 페이지(949)에서 표시할 수 없는 문자가 파일에 들어 있습니다. 데이터가 손실되지 않게 하려면 해당 파일을 유니코드 형식으로 저장하십시오.
1>H:\Source\GithubDesktop\dk_client\Client\Packet/Cpackets/CGAddInventoryToMouse.h(35,81): warning C4290: 함수가 __declspec(nothrow)가 아님을 나타내려는 경우를 제외하고 C++ 예외 사양은 무시됩니다.
1>H:\Source\GithubDesktop\dk_client\Client\Packet/Cpackets/CGAddInventoryToMouse.h(38,89): warning C4290: 함수가 __declspec(nothrow)가 아님을 나타내려는 경우를 제외하고 C++ 예외 사양은 무시됩니다.
1>H:\Source\GithubDesktop\dk_client\Client\Packet/Cpackets/CGAddInventoryToMouse.h(41,70): warning C4290: 함수가 __declspec(nothrow)가 아님을 나타내려는 경우를 제외하고 C++ 예외 사양은 무시됩니다.
1>H:\Source\GithubDesktop\dk_client\Client\Packet/Cpackets/CGAddMouseToGear.h(1,1): warning C4819: 현재 코드 페이지(949)에서 표시할 수 없는 문자가 파일에 들어 있습니다. 데이터가 손실되지 않게 하려면 해당 파일을 유니코드 형식으로 저장하십시오.
1>H:\Source\GithubDesktop\dk_client\Client\Packet/Cpackets/CGAddMouseToGear.h(34,81): warning C4290: 함수가 __declspec(nothrow)가 아님을 나타내려는 경우를 제외하고 C++ 예외 사양은 무시됩니다.
1>H:\Source\GithubDesktop\dk_client\Client\Packet/Cpackets/CGAddMouseToGear.h(37,89): warning C4290: 함수가 __declspec(nothrow)가 아님을 나타내려는 경우를 제외하고 C++ 예외 사양은 무시됩니다.
1>H:\Source\GithubDesktop\dk_client\Client\Packet/Cpackets/CGAddMouseToGear.h(40,70): warning C4290: 함수가 __declspec(nothrow)가 아님을 나타내려는 경우를 제외하고 C++ 예외 사양은 무시됩니다.
1>H:\Source\GithubDesktop\dk_client\Client\Packet/Cpackets/CGAddMouseToInventory.h(1,1): warning C4819: 현재 코드 페이지(949)에서 표시할 수 없는 문자가 파일에 들어 있습니다. 데이터가 손실되지 않게 하려면 해당 파일을 유니코드 형식으로 저장하십시오.
1>H:\Source\GithubDesktop\dk_client\Client\Packet/Cpackets/CGAddMouseToInventory.h(35,81): warning C4290: 함수가 __declspec(nothrow)가 아님을 나타내려는 경우를 제외하고 C++ 예외 사양은 무시됩니다.
1>H:\Source\GithubDesktop\dk_client\Client\Packet/Cpackets/CGAddMouseToInventory.h(38,89): warning C4290: 함수가 __declspec(nothrow)가 아님을 나타내려는 경우를 제외하고 C++ 예외 사양은 무시됩니다.
1>H:\Source\GithubDesktop\dk_client\Client\Packet/Cpackets/CGAddMouseToInventory.h(41,70): warning C4290: 함수가 __declspec(nothrow)가 아님을 나타내려는 경우를 제외하고 C++ 예외 사양은 무시됩니다.
1>H:\Source\GithubDesktop\dk_client\Client\Packet/Cpackets/CGAddMouseToQuickSlot.h(1,1): warning C4819: 현재 코드 페이지(949)에서 표시할 수 없는 문자가 파일에 들어 있습니다. 데이터가 손실되지 않게 하려면 해당 파일을 유니코드 형식으로 저장하십시오.
1>H:\Source\GithubDesktop\dk_client\Client\Packet/Cpackets/CGAddMouseToQuickSlot.h(35,81): warning C4290: 함수가 __declspec(nothrow)가 아님을 나타내려는 경우를 제외하고 C++ 예외 사양은 무시됩니다.
1>H:\Source\GithubDesktop\dk_client\Client\Packet/Cpackets/CGAddMouseToQuickSlot.h(38,89): warning C4290: 함수가 __declspec(nothrow)가 아님을 나타내려는 경우를 제외하고 C++ 예외 사양은 무시됩니다.
1>H:\Source\GithubDesktop\dk_client\Client\Packet/Cpackets/CGAddMouseToQuickSlot.h(41,70): warning C4290: 함수가 __declspec(nothrow)가 아님을 나타내려는 경우를 제외하고 C++ 예외 사양은 무시됩니다.
1>H:\Source\GithubDesktop\dk_client\Client\Packet/Cpackets/CGAddMouseToZone.h(1,1): warning C4819: 현재 코드 페이지(949)에서 표시할 수 없는 문자가 파일에 들어 있습니다. 데이터가 손실되지 않게 하려면 해당 파일을 유니코드 형식으로 저장하십시오.
1>H:\Source\GithubDesktop\dk_client\Client\Packet/Cpackets/CGAddMouseToZone.h(34,81): warning C4290: 함수가 __declspec(nothrow)가 아님을 나타내려는 경우를 제외하고 C++ 예외 사양은 무시됩니다.
1>H:\Source\GithubDesktop\dk_client\Client\Packet/Cpackets/CGAddMouseToZone.h(37,89): warning C4290: 함수가 __declspec(nothrow)가 아님을 나타내려는 경우를 제외하고 C++ 예외 사양은 무시됩니다.
1>H:\Source\GithubDesktop\dk_client\Client\Packet/Cpackets/CGAddMouseToZone.h(40,70): warning C4290: 함수가 __declspec(nothrow)가 아님을 나타내려는 경우를 제외하고 C++ 예외 사양은 무시됩니다.
1>H:\Source\GithubDesktop\dk_client\Client\Packet/Cpackets/CGAddQuickSlotToMouse.h(1,1): warning C4819: 현재 코드 페이지(949)에서 표시할 수 없는 문자가 파일에 들어 있습니다. 데이터가 손실되지 않게 하려면 해당 파일을 유니코드 형식으로 저장하십시오.
1>H:\Source\GithubDesktop\dk_client\Client\Packet/Cpackets/CGAddQuickSlotToMouse.h(35,81): warning C4290: 함수가 __declspec(nothrow)가 아님을 나타내려는 경우를 제외하고 C++ 예외 사양은 무시됩니다.
1>H:\Source\GithubDesktop\dk_client\Client\Packet/Cpackets/CGAddQuickSlotToMouse.h(38,89): warning C4290: 함수가 __declspec(nothrow)가 아님을 나타내려는 경우를 제외하고 C++ 예외 사양은 무시됩니다.
1>H:\Source\GithubDesktop\dk_client\Client\Packet/Cpackets/CGAddQuickSlotToMouse.h(41,70): warning C4290: 함수가 __declspec(nothrow)가 아님을 나타내려는 경우를 제외하고 C++ 예외 사양은 무시됩니다.
1>H:\Source\GithubDesktop\dk_client\Client\Packet/Cpackets/CGAddZoneToInventory.h(1,1): warning C4819: 현재 코드 페이지(949)에서 표시할 수 없는 문자가 파일에 들어 있습니다. 데이터가 손실되지 않게 하려면 해당 파일을 유니코드 형식으로 저장하십시오.
1>H:\Source\GithubDesktop\dk_client\Client\Packet/Cpackets/CGAddZoneToInventory.h(35,81): warning C4290: 함수가 __declspec(nothrow)가 아님을 나타내려는 경우를 제외하고 C++ 예외 사양은 무시됩니다.
1>H:\Source\GithubDesktop\dk_client\Client\Packet/Cpackets/CGAddZoneToInventory.h(38,89): warning C4290: 함수가 __declspec(nothrow)가 아님을 나타내려는 경우를 제외하고 C++ 예외 사양은 무시됩니다.
1>H:\Source\GithubDesktop\dk_client\Client\Packet/Cpackets/CGAddZoneToInventory.h(41,70): warning C4290: 함수가 __declspec(nothrow)가 아님을 나타내려는 경우를 제외하고 C++ 예외 사양은 무시됩니다.
1>H:\Source\GithubDesktop\dk_client\Client\Packet/Cpackets/CGAddZoneToMouse.h(1,1): warning C4819: 현재 코드 페이지(949)에서 표시할 수 없는 문자가 파일에 들어 있습니다. 데이터가 손실되지 않게 하려면 해당 파일을 유니코드 형식으로 저장하십시오.
1>H:\Source\GithubDesktop\dk_client\Client\Packet/Cpackets/CGAddZoneToMouse.h(34,81): warning C4290: 함수가 __declspec(nothrow)가 아님을 나타내려는 경우를 제외하고 C++ 예외 사양은 무시됩니다.
1>H:\Source\GithubDesktop\dk_client\Client\Packet/Cpackets/CGAddZoneToMouse.h(37,89): warning C4290: 함수가 __declspec(nothrow)가 아님을 나타내려는 경우를 제외하고 C++ 예외 사양은 무시됩니다.
1>H:\Source\GithubDesktop\dk_client\Client\Packet/Cpackets/CGAddZoneToMouse.h(40,70): warning C4290: 함수가 __declspec(nothrow)가 아님을 나타내려는 경우를 제외하고 C++ 예외 사양은 무시됩니다.
1>H:\Source\GithubDesktop\dk_client\Client\Packet/Cpackets/CGPickupMoney.h(1,1): warning C4819: 현재 코드 페이지(949)에서 표시할 수 없는 문자가 파일에 들어 있습니다. 데이터가 손실되지 않게 하려면 해당 파일을 유니코드 형식으로 저장하십시오.
1>H:\Source\GithubDesktop\dk_client\Client\Packet/Cpackets/CGPickupMoney.h(35,81): warning C4290: 함수가 __declspec(nothrow)가 아님을 나타내려는 경우를 제외하고 C++ 예외 사양은 무시됩니다.
1>H:\Source\GithubDesktop\dk_client\Client\Packet/Cpackets/CGPickupMoney.h(38,89): warning C4290: 함수가 __declspec(nothrow)가 아님을 나타내려는 경우를 제외하고 C++ 예외 사양은 무시됩니다.
1>H:\Source\GithubDesktop\dk_client\Client\Packet/Cpackets/CGPickupMoney.h(41,70): warning C4290: 함수가 __declspec(nothrow)가 아님을 나타내려는 경우를 제외하고 C++ 예외 사양은 무시됩니다.
1>H:\Source\GithubDesktop\dk_client\Client\Packet/Cpackets/CGDropMoney.h(1,1): warning C4819: 현재 코드 페이지(949)에서 표시할 수 없는 문자가 파일에 들어 있습니다. 데이터가 손실되지 않게 하려면 해당 파일을 유니코드 형식으로 저장하십시오.
1>H:\Source\GithubDesktop\dk_client\Client\Packet/Cpackets/CGDropMoney.h(35,81): warning C4290: 함수가 __declspec(nothrow)가 아님을 나타내려는 경우를 제외하고 C++ 예외 사양은 무시됩니다.
1>H:\Source\GithubDesktop\dk_client\Client\Packet/Cpackets/CGDropMoney.h(38,89): warning C4290: 함수가 __declspec(nothrow)가 아님을 나타내려는 경우를 제외하고 C++ 예외 사양은 무시됩니다.
1>H:\Source\GithubDesktop\dk_client\Client\Packet/Cpackets/CGDropMoney.h(41,70): warning C4290: 함수가 __declspec(nothrow)가 아님을 나타내려는 경우를 제외하고 C++ 예외 사양은 무시됩니다.
1>H:\Source\GithubDesktop\dk_client\Client\Packet/Cpackets/CGRequestRepair.h(1,1): warning C4819: 현재 코드 페이지(949)에서 표시할 수 없는 문자가 파일에 들어 있습니다. 데이터가 손실되지 않게 하려면 해당 파일을 유니코드 형식으로 저장하십시오.
1>H:\Source\GithubDesktop\dk_client\Client\Packet/Cpackets/CGRequestRepair.h(27,78): warning C4290: 함수가 __declspec(nothrow)가 아님을 나타내려는 경우를 제외하고 C++ 예외 사양은 무시됩니다.
1>H:\Source\GithubDesktop\dk_client\Client\Packet/Cpackets/CGRequestRepair.h(30,86): warning C4290: 함수가 __declspec(nothrow)가 아님을 나타내려는 경우를 제외하고 C++ 예외 사양은 무시됩니다.
1>H:\Source\GithubDesktop\dk_client\Client\Packet/Cpackets/CGRequestRepair.h(33,70): warning C4290: 함수가 __declspec(nothrow)가 아님을 나타내려는 경우를 제외하고 C++ 예외 사양은 무시됩니다.
1>H:\Source\GithubDesktop\dk_client\Client\Packet/Cpackets/CGMakeItem.h(1,1): warning C4819: 현재 코드 페이지(949)에서 표시할 수 없는 문자가 파일에 들어 있습니다. 데이터가 손실되지 않게 하려면 해당 파일을 유니코드 형식으로 저장하십시오.
1>H:\Source\GithubDesktop\dk_client\Client\Packet/Cpackets/CGMakeItem.h(35,81): warning C4290: 함수가 __declspec(nothrow)가 아님을 나타내려는 경우를 제외하고 C++ 예외 사양은 무시됩니다.
1>H:\Source\GithubDesktop\dk_client\Client\Packet/Cpackets/CGMakeItem.h(38,89): warning C4290: 함수가 __declspec(nothrow)가 아님을 나타내려는 경우를 제외하고 C++ 예외 사양은 무시됩니다.
1>H:\Source\GithubDesktop\dk_client\Client\Packet/Cpackets/CGMakeItem.h(41,70): warning C4290: 함수가 __declspec(nothrow)가 아님을 나타내려는 경우를 제외하고 C++ 예외 사양은 무시됩니다.
1>H:\Source\GithubDesktop\dk_client\Client\Packet/Cpackets/CGDissectionCorpse.h(1,1): warning C4819: 현재 코드 페이지(949)에서 표시할 수 없는 문자가 파일에 들어 있습니다. 데이터가 손실되지 않게 하려면 해당 파일을 유니코드 형식으로 저장하십시오.
1>H:\Source\GithubDesktop\dk_client\Client\Packet/Cpackets/CGDissectionCorpse.h(39,81): warning C4290: 함수가 __declspec(nothrow)가 아님을 나타내려는 경우를 제외하고 C++ 예외 사양은 무시됩니다.
1>H:\Source\GithubDesktop\dk_client\Client\Packet/Cpackets/CGDissectionCorpse.h(42,89): warning C4290: 함수가 __declspec(nothrow)가 아님을 나타내려는 경우를 제외하고 C++ 예외 사양은 무시됩니다.
1>H:\Source\GithubDesktop\dk_client\Client\Packet/Cpackets/CGDissectionCorpse.h(45,70): warning C4290: 함수가 __declspec(nothrow)가 아님을 나타내려는 경우를 제외하고 C++ 예외 사양은 무시됩니다.
1>H:\Source\GithubDesktop\dk_client\Client\Packet/Cpackets/CGReloadFromInventory.h(1,1): warning C4819: 현재 코드 페이지(949)에서 표시할 수 없는 문자가 파일에 들어 있습니다. 데이터가 손실되지 않게 하려면 해당 파일을 유니코드 형식으로 저장하십시오.
1>H:\Source\GithubDesktop\dk_client\Client\Packet/Cpackets/CGReloadFromInventory.h(35,81): warning C4290: 함수가 __declspec(nothrow)가 아님을 나타내려는 경우를 제외하고 C++ 예외 사양은 무시됩니다.
1>H:\Source\GithubDesktop\dk_client\Client\Packet/Cpackets/CGReloadFromInventory.h(38,89): warning C4290: 함수가 __declspec(nothrow)가 아님을 나타내려는 경우를 제외하고 C++ 예외 사양은 무시됩니다.
1>H:\Source\GithubDesktop\dk_client\Client\Packet/Cpackets/CGReloadFromInventory.h(41,70): warning C4290: 함수가 __declspec(nothrow)가 아님을 나타내려는 경우를 제외하고 C++ 예외 사양은 무시됩니다.
1>H:\Source\GithubDesktop\dk_client\Client\Packet/Cpackets/CGReloadFromQuickSlot.h(1,1): warning C4819: 현재 코드 페이지(949)에서 표시할 수 없는 문자가 파일에 들어 있습니다. 데이터가 손실되지 않게 하려면 해당 파일을 유니코드 형식으로 저장하십시오.
1>H:\Source\GithubDesktop\dk_client\Client\Packet/Cpackets/CGReloadFromQuickSlot.h(35,81): warning C4290: 함수가 __declspec(nothrow)가 아님을 나타내려는 경우를 제외하고 C++ 예외 사양은 무시됩니다.
1>H:\Source\GithubDesktop\dk_client\Client\Packet/Cpackets/CGReloadFromQuickSlot.h(38,89): warning C4290: 함수가 __declspec(nothrow)가 아님을 나타내려는 경우를 제외하고 C++ 예외 사양은 무시됩니다.
1>H:\Source\GithubDesktop\dk_client\Client\Packet/Cpackets/CGReloadFromQuickSlot.h(41,70): warning C4290: 함수가 __declspec(nothrow)가 아님을 나타내려는 경우를 제외하고 C++ 예외 사양은 무시됩니다.
1>H:\Source\GithubDesktop\dk_client\Client\Packet/Cpackets/CGGetOffMotorCycle.h(1,1): warning C4819: 현재 코드 페이지(949)에서 표시할 수 없는 문자가 파일에 들어 있습니다. 데이터가 손실되지 않게 하려면 해당 파일을 유니코드 형식으로 저장하십시오.
1>H:\Source\GithubDesktop\dk_client\Client\Packet/Cpackets/CGGetOffMotorCycle.h(39,81): warning C4290: 함수가 __declspec(nothrow)가 아님을 나타내려는 경우를 제외하고 C++ 예외 사양은 무시됩니다.
1>H:\Source\GithubDesktop\dk_client\Client\Packet/Cpackets/CGGetOffMotorCycle.h(42,89): warning C4290: 함수가 __declspec(nothrow)가 아님을 나타내려는 경우를 제외하고 C++ 예외 사양은 무시됩니다.
1>H:\Source\GithubDesktop\dk_client\Client\Packet/Cpackets/CGGetOffMotorCycle.h(45,70): warning C4290: 함수가 __declspec(nothrow)가 아님을 나타내려는 경우를 제외하고 C++ 예외 사양은 무시됩니다.
1>H:\Source\GithubDesktop\dk_client\Client\Packet/Cpackets/CGRideMotorCycle.h(1,1): warning C4819: 현재 코드 페이지(949)에서 표시할 수 없는 문자가 파일에 들어 있습니다. 데이터가 손실되지 않게 하려면 해당 파일을 유니코드 형식으로 저장하십시오.
1>H:\Source\GithubDesktop\dk_client\Client\Packet/Cpackets/CGRideMotorCycle.h(39,81): warning C4290: 함수가 __declspec(nothrow)가 아님을 나타내려는 경우를 제외하고 C++ 예외 사양은 무시됩니다.
1>H:\Source\GithubDesktop\dk_client\Client\Packet/Cpackets/CGRideMotorCycle.h(42,89): warning C4290: 함수가 __declspec(nothrow)가 아님을 나타내려는 경우를 제외하고 C++ 예외 사양은 무시됩니다.
1>H:\Source\GithubDesktop\dk_client\Client\Packet/Cpackets/CGRideMotorCycle.h(45,70): warning C4290: 함수가 __declspec(nothrow)가 아님을 나타내려는 경우를 제외하고 C++ 예외 사양은 무시됩니다.
1>H:\Source\GithubDesktop\dk_client\Client\Packet/Cpackets/CGThrowItem.h(1,1): warning C4819: 현재 코드 페이지(949)에서 표시할 수 없는 문자가 파일에 들어 있습니다. 데이터가 손실되지 않게 하려면 해당 파일을 유니코드 형식으로 저장하십시오.
1>H:\Source\GithubDesktop\dk_client\Client\Packet/Cpackets/CGThrowItem.h(39,81): warning C4290: 함수가 __declspec(nothrow)가 아님을 나타내려는 경우를 제외하고 C++ 예외 사양은 무시됩니다.
1>H:\Source\GithubDesktop\dk_client\Client\Packet/Cpackets/CGThrowItem.h(42,89): warning C4290: 함수가 __declspec(nothrow)가 아님을 나타내려는 경우를 제외하고 C++ 예외 사양은 무시됩니다.
1>H:\Source\GithubDesktop\dk_client\Client\Packet/Cpackets/CGThrowItem.h(45,70): warning C4290: 함수가 __declspec(nothrow)가 아님을 나타내려는 경우를 제외하고 C++ 예외 사양은 무시됩니다.
1>H:\Source\GithubDesktop\dk_client\Client\Packet/Cpackets/CGUsePotionFromInventory.h(1,1): warning C4819: 현재 코드 페이지(949)에서 표시할 수 없는 문자가 파일에 들어 있습니다. 데이터가 손실되지 않게 하려면 해당 파일을 유니코드 형식으로 저장하십시오.
1>H:\Source\GithubDesktop\dk_client\Client\Packet/Cpackets/CGUsePotionFromInventory.h(35,81): warning C4290: 함수가 __declspec(nothrow)가 아님을 나타내려는 경우를 제외하고 C++ 예외 사양은 무시됩니다.
1>H:\Source\GithubDesktop\dk_client\Client\Packet/Cpackets/CGUsePotionFromInventory.h(38,89): warning C4290: 함수가 __declspec(nothrow)가 아님을 나타내려는 경우를 제외하고 C++ 예외 사양은 무시됩니다.
1>H:\Source\GithubDesktop\dk_client\Client\Packet/Cpackets/CGUsePotionFromInventory.h(41,70): warning C4290: 함수가 __declspec(nothrow)가 아님을 나타내려는 경우를 제외하고 C++ 예외 사양은 무시됩니다.
1>H:\Source\GithubDesktop\dk_client\Client\Packet/Cpackets/CGUsePotionFromQuickSlot.h(1,1): warning C4819: 현재 코드 페이지(949)에서 표시할 수 없는 문자가 파일에 들어 있습니다. 데이터가 손실되지 않게 하려면 해당 파일을 유니코드 형식으로 저장하십시오.
1>H:\Source\GithubDesktop\dk_client\Client\Packet/Cpackets/CGUsePotionFromQuickSlot.h(35,81): warning C4290: 함수가 __declspec(nothrow)가 아님을 나타내려는 경우를 제외하고 C++ 예외 사양은 무시됩니다.
1>H:\Source\GithubDesktop\dk_client\Client\Packet/Cpackets/CGUsePotionFromQuickSlot.h(38,89): warning C4290: 함수가 __declspec(nothrow)가 아님을 나타내려는 경우를 제외하고 C++ 예외 사양은 무시됩니다.
1>H:\Source\GithubDesktop\dk_client\Client\Packet/Cpackets/CGUsePotionFromQuickSlot.h(41,70): warning C4290: 함수가 __declspec(nothrow)가 아님을 나타내려는 경우를 제외하고 C++ 예외 사양은 무시됩니다.
1>H:\Source\GithubDesktop\dk_client\Client\Packet/Cpackets/CGUseItemFromInventory.h(1,1): warning C4819: 현재 코드 페이지(949)에서 표시할 수 없는 문자가 파일에 들어 있습니다. 데이터가 손실되지 않게 하려면 해당 파일을 유니코드 형식으로 저장하십시오.
1>H:\Source\GithubDesktop\dk_client\Client\Packet/Cpackets/CGUseItemFromInventory.h(25,74): warning C4290: 함수가 __declspec(nothrow)가 아님을 나타내려는 경우를 제외하고 C++ 예외 사양은 무시됩니다.
1>H:\Source\GithubDesktop\dk_client\Client\Packet/Cpackets/CGUseItemFromInventory.h(26,82): warning C4290: 함수가 __declspec(nothrow)가 아님을 나타내려는 경우를 제외하고 C++ 예외 사양은 무시됩니다.
1>H:\Source\GithubDesktop\dk_client\Client\Packet/Cpackets/CGUseItemFromInventory.h(27,62): warning C4290: 함수가 __declspec(nothrow)가 아님을 나타내려는 경우를 제외하고 C++ 예외 사양은 무시됩니다.
1>H:\Source\GithubDesktop\dk_client\Client\Packet/Cpackets/CGNPCTalk.h(1,1): warning C4819: 현재 코드 페이지(949)에서 표시할 수 없는 문자가 파일에 들어 있습니다. 데이터가 손실되지 않게 하려면 해당 파일을 유니코드 형식으로 저장하십시오.
1>H:\Source\GithubDesktop\dk_client\Client\Packet/Cpackets/CGNPCTalk.h(26,81): warning C4290: 함수가 __declspec(nothrow)가 아님을 나타내려는 경우를 제외하고 C++ 예외 사양은 무시됩니다.
1>H:\Source\GithubDesktop\dk_client\Client\Packet/Cpackets/CGNPCTalk.h(29,89): warning C4290: 함수가 __declspec(nothrow)가 아님을 나타내려는 경우를 제외하고 C++ 예외 사양은 무시됩니다.
1>H:\Source\GithubDesktop\dk_client\Client\Packet/Cpackets/CGNPCTalk.h(32,70): warning C4290: 함수가 __declspec(nothrow)가 아님을 나타내려는 경우를 제외하고 C++ 예외 사양은 무시됩니다.
1>H:\Source\GithubDesktop\dk_client\Client\Packet/Cpackets/CGNPCAskAnswer.h(1,1): warning C4819: 현재 코드 페이지(949)에서 표시할 수 없는 문자가 파일에 들어 있습니다. 데이터가 손실되지 않게 하려면 해당 파일을 유니코드 형식으로 저장하십시오.
1>H:\Source\GithubDesktop\dk_client\Client\Packet/Cpackets/CGNPCAskAnswer.h(26,78): warning C4290: 함수가 __declspec(nothrow)가 아님을 나타내려는 경우를 제외하고 C++ 예외 사양은 무시됩니다.
1>H:\Source\GithubDesktop\dk_client\Client\Packet/Cpackets/CGNPCAskAnswer.h(29,86): warning C4290: 함수가 __declspec(nothrow)가 아님을 나타내려는 경우를 제외하고 C++ 예외 사양은 무시됩니다.
1>H:\Source\GithubDesktop\dk_client\Client\Packet/Cpackets/CGNPCAskAnswer.h(32,70): warning C4290: 함수가 __declspec(nothrow)가 아님을 나타내려는 경우를 제외하고 C++ 예외 사양은 무시됩니다.
1>H:\Source\GithubDesktop\dk_client\Client\Packet/Cpackets/CGShopRequestList.h(1,1): warning C4819: 현재 코드 페이지(949)에서 표시할 수 없는 문자가 파일에 들어 있습니다. 데이터가 손실되지 않게 하려면 해당 파일을 유니코드 형식으로 저장하십시오.
1>H:\Source\GithubDesktop\dk_client\Client\Packet/Cpackets/CGShopRequestList.h(29,78): warning C4290: 함수가 __declspec(nothrow)가 아님을 나타내려는 경우를 제외하고 C++ 예외 사양은 무시됩니다.
1>H:\Source\GithubDesktop\dk_client\Client\Packet/Cpackets/CGShopRequestList.h(32,86): warning C4290: 함수가 __declspec(nothrow)가 아님을 나타내려는 경우를 제외하고 C++ 예외 사양은 무시됩니다.
1>H:\Source\GithubDesktop\dk_client\Client\Packet/Cpackets/CGShopRequestList.h(35,70): warning C4290: 함수가 __declspec(nothrow)가 아님을 나타내려는 경우를 제외하고 C++ 예외 사양은 무시됩니다.
1>H:\Source\GithubDesktop\dk_client\Client\Packet/Cpackets/CGShopRequestBuy.h(1,1): warning C4819: 현재 코드 페이지(949)에서 표시할 수 없는 문자가 파일에 들어 있습니다. 데이터가 손실되지 않게 하려면 해당 파일을 유니코드 형식으로 저장하십시오.
1>H:\Source\GithubDesktop\dk_client\Client\Packet/Cpackets/CGShopRequestBuy.h(25,78): warning C4290: 함수가 __declspec(nothrow)가 아님을 나타내려는 경우를 제외하고 C++ 예외 사양은 무시됩니다.
1>H:\Source\GithubDesktop\dk_client\Client\Packet/Cpackets/CGShopRequestBuy.h(26,86): warning C4290: 함수가 __declspec(nothrow)가 아님을 나타내려는 경우를 제외하고 C++ 예외 사양은 무시됩니다.
1>H:\Source\GithubDesktop\dk_client\Client\Packet/Cpackets/CGShopRequestBuy.h(27,70): warning C4290: 함수가 __declspec(nothrow)가 아님을 나타내려는 경우를 제외하고 C++ 예외 사양은 무시됩니다.
1>H:\Source\GithubDesktop\dk_client\Client\Packet/Cpackets/CGShopRequestSell.h(1,1): warning C4819: 현재 코드 페이지(949)에서 표시할 수 없는 문자가 파일에 들어 있습니다. 데이터가 손실되지 않게 하려면 해당 파일을 유니코드 형식으로 저장하십시오.
1>H:\Source\GithubDesktop\dk_client\Client\Packet/Cpackets/CGShopRequestSell.h(41,78): warning C4290: 함수가 __declspec(nothrow)가 아님을 나타내려는 경우를 제외하고 C++ 예외 사양은 무시됩니다.
1>H:\Source\GithubDesktop\dk_client\Client\Packet/Cpackets/CGShopRequestSell.h(42,86): warning C4290: 함수가 __declspec(nothrow)가 아님을 나타내려는 경우를 제외하고 C++ 예외 사양은 무시됩니다.
1>H:\Source\GithubDesktop\dk_client\Client\Packet/Cpackets/CGShopRequestSell.h(43,70): warning C4290: 함수가 __declspec(nothrow)가 아님을 나타내려는 경우를 제외하고 C++ 예외 사양은 무시됩니다.
1>H:\Source\GithubDesktop\dk_client\Client\Packet/Cpackets/CGStashRequestBuy.h(1,1): warning C4819: 현재 코드 페이지(949)에서 표시할 수 없는 문자가 파일에 들어 있습니다. 데이터가 손실되지 않게 하려면 해당 파일을 유니코드 형식으로 저장하십시오.
1>H:\Source\GithubDesktop\dk_client\Client\Packet/Cpackets/CGStashRequestBuy.h(24,78): warning C4290: 함수가 __declspec(nothrow)가 아님을 나타내려는 경우를 제외하고 C++ 예외 사양은 무시됩니다.
1>H:\Source\GithubDesktop\dk_client\Client\Packet/Cpackets/CGStashRequestBuy.h(25,86): warning C4290: 함수가 __declspec(nothrow)가 아님을 나타내려는 경우를 제외하고 C++ 예외 사양은 무시됩니다.
1>H:\Source\GithubDesktop\dk_client\Client\Packet/Cpackets/CGStashRequestBuy.h(26,70): warning C4290: 함수가 __declspec(nothrow)가 아님을 나타내려는 경우를 제외하고 C++ 예외 사양은 무시됩니다.
1>H:\Source\GithubDesktop\dk_client\Client\Packet/Cpackets/CGStashList.h(1,1): warning C4819: 현재 코드 페이지(949)에서 표시할 수 없는 문자가 파일에 들어 있습니다. 데이터가 손실되지 않게 하려면 해당 파일을 유니코드 형식으로 저장하십시오.
1>H:\Source\GithubDesktop\dk_client\Client\Packet/Cpackets/CGStashList.h(25,78): warning C4290: 함수가 __declspec(nothrow)가 아님을 나타내려는 경우를 제외하고 C++ 예외 사양은 무시됩니다.
1>H:\Source\GithubDesktop\dk_client\Client\Packet/Cpackets/CGStashList.h(26,86): warning C4290: 함수가 __declspec(nothrow)가 아님을 나타내려는 경우를 제외하고 C++ 예외 사양은 무시됩니다.
1>H:\Source\GithubDesktop\dk_client\Client\Packet/Cpackets/CGStashList.h(27,70): warning C4290: 함수가 __declspec(nothrow)가 아님을 나타내려는 경우를 제외하고 C++ 예외 사양은 무시됩니다.
1>H:\Source\GithubDesktop\dk_client\Client\Packet/Cpackets/CGMouseToStash.h(1,1): warning C4819: 현재 코드 페이지(949)에서 표시할 수 없는 문자가 파일에 들어 있습니다. 데이터가 손실되지 않게 하려면 해당 파일을 유니코드 형식으로 저장하십시오.
1>H:\Source\GithubDesktop\dk_client\Client\Packet/Cpackets/CGMouseToStash.h(23,84): warning C4290: 함수가 __declspec(nothrow)가 아님을 나타내려는 경우를 제외하고 C++ 예외 사양은 무시됩니다.
1>H:\Source\GithubDesktop\dk_client\Client\Packet/Cpackets/CGMouseToStash.h(24,92): warning C4290: 함수가 __declspec(nothrow)가 아님을 나타내려는 경우를 제외하고 C++ 예외 사양은 무시됩니다.
1>H:\Source\GithubDesktop\dk_client\Client\Packet/Cpackets/CGMouseToStash.h(25,73): warning C4290: 함수가 __declspec(nothrow)가 아님을 나타내려는 경우를 제외하고 C++ 예외 사양은 무시됩니다.
1>H:\Source\GithubDesktop\dk_client\Client\Packet/Cpackets/CGStashToMouse.h(1,1): warning C4819: 현재 코드 페이지(949)에서 표시할 수 없는 문자가 파일에 들어 있습니다. 데이터가 손실되지 않게 하려면 해당 파일을 유니코드 형식으로 저장하십시오.
1>H:\Source\GithubDesktop\dk_client\Client\Packet/Cpackets/CGStashToMouse.h(25,81): warning C4290: 함수가 __declspec(nothrow)가 아님을 나타내려는 경우를 제외하고 C++ 예외 사양은 무시됩니다.
1>H:\Source\GithubDesktop\dk_client\Client\Packet/Cpackets/CGStashToMouse.h(26,89): warning C4290: 함수가 __declspec(nothrow)가 아님을 나타내려는 경우를 제외하고 C++ 예외 사양은 무시됩니다.
1>H:\Source\GithubDesktop\dk_client\Client\Packet/Cpackets/CGStashToMouse.h(27,70): warning C4290: 함수가 __declspec(nothrow)가 아님을 나타내려는 경우를 제외하고 C++ 예외 사양은 무시됩니다.
1>H:\Source\GithubDesktop\dk_client\Client\Packet/Cpackets/CGStashDeposit.h(1,1): warning C4819: 현재 코드 페이지(949)에서 표시할 수 없는 문자가 파일에 들어 있습니다. 데이터가 손실되지 않게 하려면 해당 파일을 유니코드 형식으로 저장하십시오.
1>H:\Source\GithubDesktop\dk_client\Client\Packet/Cpackets/CGStashDeposit.h(22,81): warning C4290: 함수가 __declspec(nothrow)가 아님을 나타내려는 경우를 제외하고 C++ 예외 사양은 무시됩니다.
1>H:\Source\GithubDesktop\dk_client\Client\Packet/Cpackets/CGStashDeposit.h(23,89): warning C4290: 함수가 __declspec(nothrow)가 아님을 나타내려는 경우를 제외하고 C++ 예외 사양은 무시됩니다.
1>H:\Source\GithubDesktop\dk_client\Client\Packet/Cpackets/CGStashDeposit.h(24,70): warning C4290: 함수가 __declspec(nothrow)가 아님을 나타내려는 경우를 제외하고 C++ 예외 사양은 무시됩니다.
1>H:\Source\GithubDesktop\dk_client\Client\Packet/Cpackets/CGStashWithdraw.h(1,1): warning C4819: 현재 코드 페이지(949)에서 표시할 수 없는 문자가 파일에 들어 있습니다. 데이터가 손실되지 않게 하려면 해당 파일을 유니코드 형식으로 저장하십시오.
1>H:\Source\GithubDesktop\dk_client\Client\Packet/Cpackets/CGStashWithdraw.h(22,81): warning C4290: 함수가 __declspec(nothrow)가 아님을 나타내려는 경우를 제외하고 C++ 예외 사양은 무시됩니다.
1>H:\Source\GithubDesktop\dk_client\Client\Packet/Cpackets/CGStashWithdraw.h(23,89): warning C4290: 함수가 __declspec(nothrow)가 아님을 나타내려는 경우를 제외하고 C++ 예외 사양은 무시됩니다.
1>H:\Source\GithubDesktop\dk_client\Client\Packet/Cpackets/CGStashWithdraw.h(24,70): warning C4290: 함수가 __declspec(nothrow)가 아님을 나타내려는 경우를 제외하고 C++ 예외 사양은 무시됩니다.
1>H:\Source\GithubDesktop\dk_client\Client\Packet/Cpackets/CGTradePrepare.h(1,1): warning C4819: 현재 코드 페이지(949)에서 표시할 수 없는 문자가 파일에 들어 있습니다. 데이터가 손실되지 않게 하려면 해당 파일을 유니코드 형식으로 저장하십시오.
1>H:\Source\GithubDesktop\dk_client\Client\Packet/Cpackets/CGTradePrepare.h(46,78): warning C4290: 함수가 __declspec(nothrow)가 아님을 나타내려는 경우를 제외하고 C++ 예외 사양은 무시됩니다.
1>H:\Source\GithubDesktop\dk_client\Client\Packet/Cpackets/CGTradePrepare.h(47,86): warning C4290: 함수가 __declspec(nothrow)가 아님을 나타내려는 경우를 제외하고 C++ 예외 사양은 무시됩니다.
1>H:\Source\GithubDesktop\dk_client\Client\Packet/Cpackets/CGTradePrepare.h(48,70): warning C4290: 함수가 __declspec(nothrow)가 아님을 나타내려는 경우를 제외하고 C++ 예외 사양은 무시됩니다.
1>H:\Source\GithubDesktop\dk_client\Client\Packet/Cpackets/CGTradeAddItem.h(1,1): warning C4819: 현재 코드 페이지(949)에서 표시할 수 없는 문자가 파일에 들어 있습니다. 데이터가 손실되지 않게 하려면 해당 파일을 유니코드 형식으로 저장하십시오.
1>H:\Source\GithubDesktop\dk_client\Client\Packet/Cpackets/CGTradeAddItem.h(22,78): warning C4290: 함수가 __declspec(nothrow)가 아님을 나타내려는 경우를 제외하고 C++ 예외 사양은 무시됩니다.
1>H:\Source\GithubDesktop\dk_client\Client\Packet/Cpackets/CGTradeAddItem.h(23,86): warning C4290: 함수가 __declspec(nothrow)가 아님을 나타내려는 경우를 제외하고 C++ 예외 사양은 무시됩니다.
1>H:\Source\GithubDesktop\dk_client\Client\Packet/Cpackets/CGTradeAddItem.h(24,70): warning C4290: 함수가 __declspec(nothrow)가 아님을 나타내려는 경우를 제외하고 C++ 예외 사양은 무시됩니다.
1>H:\Source\GithubDesktop\dk_client\Client\Packet/Cpackets/CGTradeRemoveItem.h(1,1): warning C4819: 현재 코드 페이지(949)에서 표시할 수 없는 문자가 파일에 들어 있습니다. 데이터가 손실되지 않게 하려면 해당 파일을 유니코드 형식으로 저장하십시오.
1>H:\Source\GithubDesktop\dk_client\Client\Packet/Cpackets/CGTradeRemoveItem.h(22,78): warning C4290: 함수가 __declspec(nothrow)가 아님을 나타내려는 경우를 제외하고 C++ 예외 사양은 무시됩니다.
1>H:\Source\GithubDesktop\dk_client\Client\Packet/Cpackets/CGTradeRemoveItem.h(23,86): warning C4290: 함수가 __declspec(nothrow)가 아님을 나타내려는 경우를 제외하고 C++ 예외 사양은 무시됩니다.
1>H:\Source\GithubDesktop\dk_client\Client\Packet/Cpackets/CGTradeRemoveItem.h(24,70): warning C4290: 함수가 __declspec(nothrow)가 아님을 나타내려는 경우를 제외하고 C++ 예외 사양은 무시됩니다.
1>H:\Source\GithubDesktop\dk_client\Client\Packet/Cpackets/CGTradeMoney.h(1,1): warning C4819: 현재 코드 페이지(949)에서 표시할 수 없는 문자가 파일에 들어 있습니다. 데이터가 손실되지 않게 하려면 해당 파일을 유니코드 형식으로 저장하십시오.
1>H:\Source\GithubDesktop\dk_client\Client\Packet/Cpackets/CGTradeMoney.h(35,78): warning C4290: 함수가 __declspec(nothrow)가 아님을 나타내려는 경우를 제외하고 C++ 예외 사양은 무시됩니다.
1>H:\Source\GithubDesktop\dk_client\Client\Packet/Cpackets/CGTradeMoney.h(36,86): warning C4290: 함수가 __declspec(nothrow)가 아님을 나타내려는 경우를 제외하고 C++ 예외 사양은 무시됩니다.
1>H:\Source\GithubDesktop\dk_client\Client\Packet/Cpackets/CGTradeMoney.h(37,70): warning C4290: 함수가 __declspec(nothrow)가 아님을 나타내려는 경우를 제외하고 C++ 예외 사양은 무시됩니다.
1>H:\Source\GithubDesktop\dk_client\Client\Packet/Cpackets/CGTradeFinish.h(1,1): warning C4819: 현재 코드 페이지(949)에서 표시할 수 없는 문자가 파일에 들어 있습니다. 데이터가 손실되지 않게 하려면 해당 파일을 유니코드 형식으로 저장하십시오.
1>H:\Source\GithubDesktop\dk_client\Client\Packet/Cpackets/CGTradeFinish.h(41,78): warning C4290: 함수가 __declspec(nothrow)가 아님을 나타내려는 경우를 제외하고 C++ 예외 사양은 무시됩니다.
1>H:\Source\GithubDesktop\dk_client\Client\Packet/Cpackets/CGTradeFinish.h(42,86): warning C4290: 함수가 __declspec(nothrow)가 아님을 나타내려는 경우를 제외하고 C++ 예외 사양은 무시됩니다.
1>H:\Source\GithubDesktop\dk_client\Client\Packet/Cpackets/CGTradeFinish.h(43,70): warning C4290: 함수가 __declspec(nothrow)가 아님을 나타내려는 경우를 제외하고 C++ 예외 사양은 무시됩니다.
1>H:\Source\GithubDesktop\dk_client\Client\UIFunction.h(1,1): warning C4819: 현재 코드 페이지(949)에서 표시할 수 없는 문자가 파일에 들어 있습니다. 데이터가 손실되지 않게 하려면 해당 파일을 유니코드 형식으로 저장하십시오.
1>H:\Source\GithubDesktop\dk_client\Client\MZoneTable.h(1,1): warning C4819: 현재 코드 페이지(949)에서 표시할 수 없는 문자가 파일에 들어 있습니다. 데이터가 손실되지 않게 하려면 해당 파일을 유니코드 형식으로 저장하십시오.
1>H:\Source\GithubDesktop\dk_client\Client\packet/CPackets/CGUseItemFromGear.h(1,1): warning C4819: 현재 코드 페이지(949)에서 표시할 수 없는 문자가 파일에 들어 있습니다. 데이터가 손실되지 않게 하려면 해당 파일을 유니코드 형식으로 저장하십시오.
1>H:\Source\GithubDesktop\dk_client\Client\packet/CPackets/CGUseItemFromGear.h(20,74): warning C4290: 함수가 __declspec(nothrow)가 아님을 나타내려는 경우를 제외하고 C++ 예외 사양은 무시됩니다.
1>H:\Source\GithubDesktop\dk_client\Client\packet/CPackets/CGUseItemFromGear.h(21,82): warning C4290: 함수가 __declspec(nothrow)가 아님을 나타내려는 경우를 제외하고 C++ 예외 사양은 무시됩니다.
1>H:\Source\GithubDesktop\dk_client\Client\packet/CPackets/CGUseItemFromGear.h(22,62): warning C4290: 함수가 __declspec(nothrow)가 아님을 나타내려는 경우를 제외하고 C++ 예외 사양은 무시됩니다.
1>H:\Source\GithubDesktop\dk_client\VS_UI\src\hangul\CI.h(1,1): warning C4819: 현재 코드 페이지(949)에서 표시할 수 없는 문자가 파일에 들어 있습니다. 데이터가 손실되지 않게 하려면 해당 파일을 유니코드 형식으로 저장하십시오.
1>H:\Source\GithubDesktop\dk_client\basic\GL_import.h(1,1): warning C4819: 현재 코드 페이지(949)에서 표시할 수 없는 문자가 파일에 들어 있습니다. 데이터가 손실되지 않게 하려면 해당 파일을 유니코드 형식으로 저장하십시오.
1>H:\Source\GithubDesktop\dk_client\VS_UI\src\widget\u_window.h(505,37): warning C4267: 'return': 'size_t'에서 'int'(으)로 변환하면서 데이터가 손실될 수 있습니다.
1>H:\Source\GithubDesktop\dk_client\Client\SpriteLib\CSpriteSurface.h(1,1): warning C4819: 현재 코드 페이지(949)에서 표시할 수 없는 문자가 파일에 들어 있습니다. 데이터가 손실되지 않게 하려면 해당 파일을 유니코드 형식으로 저장하십시오.
1>H:\Source\GithubDesktop\dk_client\basic\Directory.h(1,1): warning C4819: 현재 코드 페이지(949)에서 표시할 수 없는 문자가 파일에 들어 있습니다. 데이터가 손실되지 않게 하려면 해당 파일을 유니코드 형식으로 저장하십시오.
1>H:\Source\GithubDesktop\dk_client\VS_UI\src\header\VS_UI_Util.h(1,1): warning C4819: 현재 코드 페이지(949)에서 표시할 수 없는 문자가 파일에 들어 있습니다. 데이터가 손실되지 않게 하려면 해당 파일을 유니코드 형식으로 저장하십시오.
1>H:\Source\GithubDesktop\dk_client\Client\SpriteLib/CSpritePack.h(1,1): warning C4819: 현재 코드 페이지(949)에서 표시할 수 없는 문자가 파일에 들어 있습니다. 데이터가 손실되지 않게 하려면 해당 파일을 유니코드 형식으로 저장하십시오.
1>H:\Source\GithubDesktop\dk_client\Client\SpriteLib/CIndexSpritePack.h(1,1): warning C4819: 현재 코드 페이지(949)에서 표시할 수 없는 문자가 파일에 들어 있습니다. 데이터가 손실되지 않게 하려면 해당 파일을 유니코드 형식으로 저장하십시오.
1>H:\Source\GithubDesktop\dk_client\VS_UI\src\header\VS_UI_Descriptor.h(1,1): warning C4819: 현재 코드 페이지(949)에서 표시할 수 없는 문자가 파일에 들어 있습니다. 데이터가 손실되지 않게 하려면 해당 파일을 유니코드 형식으로 저장하십시오.
1>H:\Source\GithubDesktop\dk_client\VS_UI\src\header\VS_UI_ExtraDialog.h(1,1): warning C4819: 현재 코드 페이지(949)에서 표시할 수 없는 문자가 파일에 들어 있습니다. 데이터가 손실되지 않게 하려면 해당 파일을 유니코드 형식으로 저장하십시오.
1>H:\Source\GithubDesktop\dk_client\VS_UI\src\header\VS_UI_Widget.h(1,1): warning C4819: 현재 코드 페이지(949)에서 표시할 수 없는 문자가 파일에 들어 있습니다. 데이터가 손실되지 않게 하려면 해당 파일을 유니코드 형식으로 저장하십시오.
1>C:\Program Files (x86)\Windows Kits\10\Include\10.0.28000.0\um\dinput.h: DIRECTINPUT_VERSION undefined. Defaulting to version 0x0800
1>H:\Source\GithubDesktop\dk_client\VS_UI\src\Imm\ImmEffect.h(66,46): warning C4838: 'unsigned int'에서 'LONG'(으)로의 변환에는 축소 변환이 필요합니다.
1>H:\Source\GithubDesktop\dk_client\VS_UI\src\Imm\ImmEffect.h(66,58): warning C4838: 'unsigned int'에서 'LONG'(으)로의 변환에는 축소 변환이 필요합니다.
1>H:\Source\GithubDesktop\dk_client\VS_UI\src\Imm\ImmEffect.h(165,34): warning C4312: '형식 캐스트': 'unsigned int'에서 더 큰 'LPFEELIT_ENVELOPE'(으)로의 변환입니다.
1>H:\Source\GithubDesktop\dk_client\VS_UI\src\Imm\ImmEffect.h(179,34): warning C4312: '형식 캐스트': 'unsigned int'에서 더 큰 'LPFEELIT_ENVELOPE'(으)로의 변환입니다.
1>H:\Source\GithubDesktop\dk_client\VS_UI\src\Imm\ImmEnclosure.h(126,35): warning C4312: '형식 캐스트': 'unsigned int'에서 더 큰 'CImmEffect *'(으)로의 변환입니다.
1>H:\Source\GithubDesktop\dk_client\VS_UI\src\Imm\ImmEnclosure.h(141,35): warning C4312: '형식 캐스트': 'unsigned int'에서 더 큰 'CImmEffect *'(으)로의 변환입니다.
1>H:\Source\GithubDesktop\dk_client\VS_UI\src\Imm\ImmBox.h(109,35): warning C4312: '형식 캐스트': 'unsigned int'에서 더 큰 'CImmEffect *'(으)로의 변환입니다.
1>H:\Source\GithubDesktop\dk_client\VS_UI\src\Imm\ImmBox.h(117,35): warning C4312: '형식 캐스트': 'unsigned int'에서 더 큰 'CImmEffect *'(으)로의 변환입니다.
1>H:\Source\GithubDesktop\dk_client\VS_UI\src\Imm\ImmConstant.h(108,34): warning C4312: '형식 캐스트': 'unsigned int'에서 더 큰 'LPFEELIT_ENVELOPE'(으)로의 변환입니다.
1>H:\Source\GithubDesktop\dk_client\VS_UI\src\Imm\ImmConstant.h(116,34): warning C4312: '형식 캐스트': 'unsigned int'에서 더 큰 'LPFEELIT_ENVELOPE'(으)로의 변환입니다.
1>H:\Source\GithubDesktop\dk_client\VS_UI\src\Imm\ImmEllipse.h(123,35): warning C4312: '형식 캐스트': 'unsigned int'에서 더 큰 'CImmEffect *'(으)로의 변환입니다.
1>H:\Source\GithubDesktop\dk_client\VS_UI\src\Imm\ImmEllipse.h(135,35): warning C4312: '형식 캐스트': 'unsigned int'에서 더 큰 'CImmEffect *'(으)로의 변환입니다.
1>H:\Source\GithubDesktop\dk_client\VS_UI\src\Imm\ImmPeriodic.h(126,34): warning C4312: '형식 캐스트': 'unsigned int'에서 더 큰 'LPFEELIT_ENVELOPE'(으)로의 변환입니다.
1>H:\Source\GithubDesktop\dk_client\VS_UI\src\Imm\ImmPeriodic.h(137,34): warning C4312: '형식 캐스트': 'unsigned int'에서 더 큰 'LPFEELIT_ENVELOPE'(으)로의 변환입니다.
1>H:\Source\GithubDesktop\dk_client\VS_UI\src\Imm\ImmRamp.h(110,34): warning C4312: '형식 캐스트': 'unsigned int'에서 더 큰 'LPFEELIT_ENVELOPE'(으)로의 변환입니다.
1>H:\Source\GithubDesktop\dk_client\VS_UI\src\Imm\ImmRamp.h(119,34): warning C4312: '형식 캐스트': 'unsigned int'에서 더 큰 'LPFEELIT_ENVELOPE'(으)로의 변환입니다.
1>H:\Source\GithubDesktop\dk_client\VS_UI\src\header\VS_UI_DESC.h(1,1): warning C4819: 현재 코드 페이지(949)에서 표시할 수 없는 문자가 파일에 들어 있습니다. 데이터가 손실되지 않게 하려면 해당 파일을 유니코드 형식으로 저장하십시오.
1>H:\Source\GithubDesktop\dk_client\VS_UI\src\header\../../RarFile.h(1,1): warning C4819: 현재 코드 페이지(949)에서 표시할 수 없는 문자가 파일에 들어 있습니다. 데이터가 손실되지 않게 하려면 해당 파일을 유니코드 형식으로 저장하십시오.
1>H:\Source\GithubDesktop\dk_client\VS_UI\src\header\VS_UI_DESC.h(90,25): warning C4267: 'return': 'size_t'에서 'int'(으)로 변환하면서 데이터가 손실될 수 있습니다.
1>H:\Source\GithubDesktop\dk_client\VS_UI\src\header\VS_UI_DESC.h(91,25): warning C4267: 'return': 'size_t'에서 'int'(으)로 변환하면서 데이터가 손실될 수 있습니다.
1>H:\Source\GithubDesktop\dk_client\VS_UI\src\header\VS_UI_DESC.h(1,1): warning C4819: 현재 코드 페이지(949)에서 표시할 수 없는 문자가 파일에 들어 있습니다. 데이터가 손실되지 않게 하려면 해당 파일을 유니코드 형식으로 저장하십시오.
1>H:\Source\GithubDesktop\dk_client\Client\MMoneyManager.h(1,1): warning C4819: 현재 코드 페이지(949)에서 표시할 수 없는 문자가 파일에 들어 있습니다. 데이터가 손실되지 않게 하려면 해당 파일을 유니코드 형식으로 저장하십시오.
1>H:\Source\GithubDesktop\dk_client\VS_UI\src\header\VS_UI_GameCommon.h(394,3): warning C4996: 'strcpy': This function or variable may be unsafe. Consider using strcpy_s instead. To disable deprecation, use _CRT_SECURE_NO_WARNINGS. See online help for details.
1>H:\Source\GithubDesktop\dk_client\VS_UI\src\header\VS_UI_GameCommon.h(736,23): warning C4267: 'return': 'size_t'에서 'int'(으)로 변환하면서 데이터가 손실될 수 있습니다.
1>H:\Source\GithubDesktop\dk_client\Client\MVampireGear.h(1,1): warning C4819: 현재 코드 페이지(949)에서 표시할 수 없는 문자가 파일에 들어 있습니다. 데이터가 손실되지 않게 하려면 해당 파일을 유니코드 형식으로 저장하십시오.
1>H:\Source\GithubDesktop\dk_client\Client\MOustersGear.h(1,1): warning C4819: 현재 코드 페이지(949)에서 표시할 수 없는 문자가 파일에 들어 있습니다. 데이터가 손실되지 않게 하려면 해당 파일을 유니코드 형식으로 저장하십시오.
1>H:\Source\GithubDesktop\dk_client\Client\MShop.h(1,1): warning C4819: 현재 코드 페이지(949)에서 표시할 수 없는 문자가 파일에 들어 있습니다. 데이터가 손실되지 않게 하려면 해당 파일을 유니코드 형식으로 저장하십시오.
1>H:\Source\GithubDesktop\dk_client\Client\MShopShelf.h(1,1): warning C4819: 현재 코드 페이지(949)에서 표시할 수 없는 문자가 파일에 들어 있습니다. 데이터가 손실되지 않게 하려면 해당 파일을 유니코드 형식으로 저장하십시오.
1>H:\Source\GithubDesktop\dk_client\Client\MStorage.h(1,1): warning C4819: 현재 코드 페이지(949)에서 표시할 수 없는 문자가 파일에 들어 있습니다. 데이터가 손실되지 않게 하려면 해당 파일을 유니코드 형식으로 저장하십시오.
1>H:\Source\GithubDesktop\dk_client\Client\MTradeManager.h(1,1): warning C4819: 현재 코드 페이지(949)에서 표시할 수 없는 문자가 파일에 들어 있습니다. 데이터가 손실되지 않게 하려면 해당 파일을 유니코드 형식으로 저장하십시오.
1>H:\Source\GithubDesktop\dk_client\VS_UI\src\header\VS_UI_Tutorial.h(1,1): warning C4819: 현재 코드 페이지(949)에서 표시할 수 없는 문자가 파일에 들어 있습니다. 데이터가 손실되지 않게 하려면 해당 파일을 유니코드 형식으로 저장하십시오.
1>H:\Source\GithubDesktop\dk_client\VS_UI\src\header\VS_UI_DESC.h(1,1): warning C4819: 현재 코드 페이지(949)에서 표시할 수 없는 문자가 파일에 들어 있습니다. 데이터가 손실되지 않게 하려면 해당 파일을 유니코드 형식으로 저장하십시오.
1>H:\Source\GithubDesktop\dk_client\Client\MQuickSlot.h(1,1): warning C4819: 현재 코드 페이지(949)에서 표시할 수 없는 문자가 파일에 들어 있습니다. 데이터가 손실되지 않게 하려면 해당 파일을 유니코드 형식으로 저장하십시오.
1>H:\Source\GithubDesktop\dk_client\Client\ProfileManager.h(1,1): warning C4819: 현재 코드 페이지(949)에서 표시할 수 없는 문자가 파일에 들어 있습니다. 데이터가 손실되지 않게 하려면 해당 파일을 유니코드 형식으로 저장하십시오.
1>H:\Source\GithubDesktop\dk_client\Client\UIDialog.h(1,1): warning C4819: 현재 코드 페이지(949)에서 표시할 수 없는 문자가 파일에 들어 있습니다. 데이터가 손실되지 않게 하려면 해당 파일을 유니코드 형식으로 저장하십시오.
1>H:\Source\GithubDesktop\dk_client\Client\DebugInfo.h(1,1): warning C4819: 현재 코드 페이지(949)에서 표시할 수 없는 문자가 파일에 들어 있습니다. 데이터가 손실되지 않게 하려면 해당 파일을 유니코드 형식으로 저장하십시오.
1>H:\Source\GithubDesktop\dk_client\Client\DebugInfo.h(1,1): warning C4819: 현재 코드 페이지(949)에서 표시할 수 없는 문자가 파일에 들어 있습니다. 데이터가 손실되지 않게 하려면 해당 파일을 유니코드 형식으로 저장하십시오.
1>H:\Source\GithubDesktop\dk_client\Client\MItem.cpp(433,5): warning C4996: 'strcpy': This function or variable may be unsafe. Consider using strcpy_s instead. To disable deprecation, use _CRT_SECURE_NO_WARNINGS. See online help for details.
1>H:\Source\GithubDesktop\dk_client\Client\MItem.cpp(438,6): warning C4996: 'strcpy': This function or variable may be unsafe. Consider using strcpy_s instead. To disable deprecation, use _CRT_SECURE_NO_WARNINGS. See online help for details.
1>H:\Source\GithubDesktop\dk_client\Client\MItem.cpp(469,4): warning C4996: 'strcpy': This function or variable may be unsafe. Consider using strcpy_s instead. To disable deprecation, use _CRT_SECURE_NO_WARNINGS. See online help for details.
1>H:\Source\GithubDesktop\dk_client\Client\MItem.cpp(477,5): warning C4996: 'strcpy': This function or variable may be unsafe. Consider using strcpy_s instead. To disable deprecation, use _CRT_SECURE_NO_WARNINGS. See online help for details.
1>H:\Source\GithubDesktop\dk_client\Client\MItem.cpp(513,2): warning C4996: 'strcpy': This function or variable may be unsafe. Consider using strcpy_s instead. To disable deprecation, use _CRT_SECURE_NO_WARNINGS. See online help for details.
1>H:\Source\GithubDesktop\dk_client\Client\MItem.cpp(1008,1): warning C4819: 현재 코드 페이지(949)에서 표시할 수 없는 문자가 파일에 들어 있습니다. 데이터가 손실되지 않게 하려면 해당 파일을 유니코드 형식으로 저장하십시오.
1>H:\Source\GithubDesktop\dk_client\Client\MItem.cpp(1463,80): warning C4244: '인수': 'SizeType'에서 'BYTE'(으)로 변환하면서 데이터가 손실될 수 있습니다.
1>        with
1>        [
1>            SizeType=WORD
1>        ]
1>H:\Source\GithubDesktop\dk_client\Client\MItem.cpp(1781,18): warning C4018: '<=': signed 또는 unsigned가 일치하지 않습니다.
1>H:\Source\GithubDesktop\dk_client\Client\MItem.cpp(2059,1): warning C4819: 현재 코드 페이지(949)에서 표시할 수 없는 문자가 파일에 들어 있습니다. 데이터가 손실되지 않게 하려면 해당 파일을 유니코드 형식으로 저장하십시오.
1>H:\Source\GithubDesktop\dk_client\Client\MItem.cpp(2201,18): warning C4018: '<=': signed 또는 unsigned가 일치하지 않습니다.
1>H:\Source\GithubDesktop\dk_client\Client\MItem.cpp(2359,47): warning C4244: '인수': 'LONG'에서 'Coord_t'(으)로 변환하면서 데이터가 손실될 수 있습니다.
1>H:\Source\GithubDesktop\dk_client\Client\MItem.cpp(2360,47): warning C4244: '인수': 'LONG'에서 'Coord_t'(으)로 변환하면서 데이터가 손실될 수 있습니다.
1>H:\Source\GithubDesktop\dk_client\Client\MItem.cpp(2572,45): warning C4244: '인수': 'LONG'에서 'Coord_t'(으)로 변환하면서 데이터가 손실될 수 있습니다.
1>H:\Source\GithubDesktop\dk_client\Client\MItem.cpp(2573,45): warning C4244: '인수': 'LONG'에서 'Coord_t'(으)로 변환하면서 데이터가 손실될 수 있습니다.
1>H:\Source\GithubDesktop\dk_client\Client\MItem.cpp(2951,1): warning C4819: 현재 코드 페이지(949)에서 표시할 수 없는 문자가 파일에 들어 있습니다. 데이터가 손실되지 않게 하려면 해당 파일을 유니코드 형식으로 저장하십시오.
1>H:\Source\GithubDesktop\dk_client\Client\MItem.cpp(3772,1): warning C4819: 현재 코드 페이지(949)에서 표시할 수 없는 문자가 파일에 들어 있습니다. 데이터가 손실되지 않게 하려면 해당 파일을 유니코드 형식으로 저장하십시오.
1>H:\Source\GithubDesktop\dk_client\Client\SpriteLib\CTypePack.h(267,25): warning C4244: '=': 'std::streamoff'에서 'DWORD'(으)로 변환하면서 데이터가 손실될 수 있습니다.
1>H:\Source\GithubDesktop\dk_client\Client\SpriteLib\CTypePack.h(249): message : 클래스 템플릿 멤버 함수 'bool CTypePack<CSpritePal>::SaveToFile(std::ofstream &,std::ofstream &)'을(를) 컴파일하는 중입니다.
1>H:\Source\GithubDesktop\dk_client\Client\SpriteLib\CTypePack.h(181): message : 컴파일되는 함수 템플릿 인스턴스화 'bool CTypePack<CSpritePal>::SaveToFile(std::ofstream &,std::ofstream &)'에 대한 참조를 확인하세요.
1>H:\Source\GithubDesktop\dk_client\Client\EffectResourceContainer.h(75): message : 컴파일되는 클래스 템플릿 인스턴스화 'CTypePack<CSpritePal>'에 대한 참조를 확인하세요.
1>H:\Source\GithubDesktop\dk_client\Client\SpriteLib\CTypePack.h(281,3): warning C4996: 'sprintf': This function or variable may be unsafe. Consider using sprintf_s instead. To disable deprecation, use _CRT_SECURE_NO_WARNINGS. See online help for details.
1>H:\Source\GithubDesktop\dk_client\Client\SpriteLib\CTypePack.h(756,25): warning C4244: '=': 'std::streamoff'에서 'DWORD'(으)로 변환하면서 데이터가 손실될 수 있습니다.
1>H:\Source\GithubDesktop\dk_client\Client\SpriteLib\CTypePack.h(738): message : 클래스 템플릿 멤버 함수 'bool CTypePack2<MPalette,MPalette555,MPalette565>::SaveToFile(std::ofstream &,std::ofstream &)'을(를) 컴파일하는 중입니다.
1>H:\Source\GithubDesktop\dk_client\Client\SpriteLib\CTypePack.h(625): message : 컴파일되는 함수 템플릿 인스턴스화 'bool CTypePack2<MPalette,MPalette555,MPalette565>::SaveToFile(std::ofstream &,std::ofstream &)'에 대한 참조를 확인하세요.
1>H:\Source\GithubDesktop\dk_client\Client\EffectResourceContainer.h(78): message : 컴파일되는 클래스 템플릿 인스턴스화 'CTypePack2<MPalette,MPalette555,MPalette565>'에 대한 참조를 확인하세요.
1>H:\Source\GithubDesktop\dk_client\Client\SpriteLib\CTypePack.h(770,3): warning C4996: 'sprintf': This function or variable may be unsafe. Consider using sprintf_s instead. To disable deprecation, use _CRT_SECURE_NO_WARNINGS. See online help for details.
1>H:\Source\GithubDesktop\dk_client\Client\COrderedList.h(61,1): warning C4267: 'return': 'size_t'에서 'int'(으)로 변환하면서 데이터가 손실될 수 있습니다.
1>H:\Source\GithubDesktop\dk_client\Client\COrderedList.h(61): message : 클래스 템플릿 멤버 함수 'int COrderedList<TYPE_SPRITEID>::GetSize(void) const'을(를) 컴파일하는 중입니다.
1>H:\Source\GithubDesktop\dk_client\Client\SpriteLib\CTypePack.h(353): message : 컴파일되는 함수 템플릿 인스턴스화 'int COrderedList<TYPE_SPRITEID>::GetSize(void) const'에 대한 참조를 확인하세요.
1>H:\Source\GithubDesktop\dk_client\Client\SpriteLib\CTypePack.h(351): message : 컴파일되는 클래스 템플릿 인스턴스화 'COrderedList<TYPE_SPRITEID>'에 대한 참조를 확인하세요.
1>H:\Source\GithubDesktop\dk_client\Client\SpriteLib\CTypePack.h(351): message : 클래스 템플릿 멤버 함수 'bool CTypePack<CSpritePal>::ReleasePart(COrderedList<TYPE_SPRITEID>)'을(를) 컴파일하는 중입니다.
1>H:\Source\GithubDesktop\dk_client\Client\SpriteLib\CSetManager.h(57,1): warning C4267: 'return': 'size_t'에서 'SizeType'(으)로 변환하면서 데이터가 손실될 수 있습니다.
1>        with
1>        [
1>            SizeType=TYPE_SPRITEID
1>        ]
1>H:\Source\GithubDesktop\dk_client\Client\SpriteLib\CSetManager.h(57): message : 클래스 템플릿 멤버 함수 'SizeType CSetManager<TYPE_SPRITEID,SizeType>::GetSize(void) const'을(를) 컴파일하는 중입니다.
1>        with
1>        [
1>            SizeType=TYPE_SPRITEID
1>        ]
1>H:\Source\GithubDesktop\dk_client\Client\SpriteLib\CTypePack.h(330): message : 컴파일되는 함수 템플릿 인스턴스화 'SizeType CSetManager<TYPE_SPRITEID,SizeType>::GetSize(void) const'에 대한 참조를 확인하세요.
1>        with
1>        [
1>            SizeType=TYPE_SPRITEID
1>        ]
1>H:\Source\GithubDesktop\dk_client\Client\SpriteLib\CSpriteSetManager.h(32): message : 컴파일되는 클래스 템플릿 인스턴스화 'CSetManager<TYPE_SPRITEID,TYPE_SPRITEID>'에 대한 참조를 확인하세요.
1>MMonsterKillQuestInfo.cpp
1>H:\Source\GithubDesktop\dk_client\Client\MMonsterKillQuestInfo.cpp(1,1): warning C4819: 현재 코드 페이지(949)에서 표시할 수 없는 문자가 파일에 들어 있습니다. 데이터가 손실되지 않게 하려면 해당 파일을 유니코드 형식으로 저장하십시오.
1>H:\Source\GithubDesktop\dk_client\Client\Packet/Exception.h(1,1): warning C4819: 현재 코드 페이지(949)에서 표시할 수 없는 문자가 파일에 들어 있습니다. 데이터가 손실되지 않게 하려면 해당 파일을 유니코드 형식으로 저장하십시오.
1>H:\Source\GithubDesktop\dk_client\Client\Packet\types/PlayerTypes.h(1,1): warning C4819: 현재 코드 페이지(949)에서 표시할 수 없는 문자가 파일에 들어 있습니다. 데이터가 손실되지 않게 하려면 해당 파일을 유니코드 형식으로 저장하십시오.
1>H:\Source\GithubDesktop\dk_client\Client\Packet\types/CreatureTypes.h(1,1): warning C4819: 현재 코드 페이지(949)에서 표시할 수 없는 문자가 파일에 들어 있습니다. 데이터가 손실되지 않게 하려면 해당 파일을 유니코드 형식으로 저장하십시오.
1>H:\Source\GithubDesktop\dk_client\Client\Packet\types\ModifyDef.h(1,1): warning C4819: 현재 코드 페이지(949)에서 표시할 수 없는 문자가 파일에 들어 있습니다. 데이터가 손실되지 않게 하려면 해당 파일을 유니코드 형식으로 저장하십시오.
1>H:\Source\GithubDesktop\dk_client\Client\Packet\types/ItemTypes.h(1,1): warning C4819: 현재 코드 페이지(949)에서 표시할 수 없는 문자가 파일에 들어 있습니다. 데이터가 손실되지 않게 하려면 해당 파일을 유니코드 형식으로 저장하십시오.
1>H:\Source\GithubDesktop\dk_client\Client\Packet\types/ZoneTypes.h(1,1): warning C4819: 현재 코드 페이지(949)에서 표시할 수 없는 문자가 파일에 들어 있습니다. 데이터가 손실되지 않게 하려면 해당 파일을 유니코드 형식으로 저장하십시오.
1>H:\Source\GithubDesktop\dk_client\Client\Packet\types/ShopTypes.h(1,1): warning C4819: 현재 코드 페이지(949)에서 표시할 수 없는 문자가 파일에 들어 있습니다. 데이터가 손실되지 않게 하려면 해당 파일을 유니코드 형식으로 저장하십시오.
1>H:\Source\GithubDesktop\dk_client\Client\Packet\types/GuildTypes.h(1,1): warning C4819: 현재 코드 페이지(949)에서 표시할 수 없는 문자가 파일에 들어 있습니다. 데이터가 손실되지 않게 하려면 해당 파일을 유니코드 형식으로 저장하십시오.
1>H:\Source\GithubDesktop\dk_client\Client\Clientdef.h(1,1): warning C4819: 현재 코드 페이지(949)에서 표시할 수 없는 문자가 파일에 들어 있습니다. 데이터가 손실되지 않게 하려면 해당 파일을 유니코드 형식으로 저장하십시오.
1>H:\Source\GithubDesktop\dk_client\Client\MPlayer.h(1,1): warning C4819: 현재 코드 페이지(949)에서 표시할 수 없는 문자가 파일에 들어 있습니다. 데이터가 손실되지 않게 하려면 해당 파일을 유니코드 형식으로 저장하십시오.
1>H:\Source\GithubDesktop\dk_client\Client\MCreatureWear.h(1,1): warning C4819: 현재 코드 페이지(949)에서 표시할 수 없는 문자가 파일에 들어 있습니다. 데이터가 손실되지 않게 하려면 해당 파일을 유니코드 형식으로 저장하십시오.
1>H:\Source\GithubDesktop\dk_client\Client\MTypeDef.h(1,1): warning C4819: 현재 코드 페이지(949)에서 표시할 수 없는 문자가 파일에 들어 있습니다. 데이터가 손실되지 않게 하려면 해당 파일을 유니코드 형식으로 저장하십시오.
1>H:\Source\GithubDesktop\dk_client\Client\MCreature.h(1,1): warning C4819: 현재 코드 페이지(949)에서 표시할 수 없는 문자가 파일에 들어 있습니다. 데이터가 손실되지 않게 하려면 해당 파일을 유니코드 형식으로 저장하십시오.
1>H:\Source\GithubDesktop\dk_client\Client\MObject.h(1,1): warning C4819: 현재 코드 페이지(949)에서 표시할 수 없는 문자가 파일에 들어 있습니다. 데이터가 손실되지 않게 하려면 해당 파일을 유니코드 형식으로 저장하십시오.
1>H:\Source\GithubDesktop\dk_client\Client\MAttachEffect.h(1,1): warning C4819: 현재 코드 페이지(949)에서 표시할 수 없는 문자가 파일에 들어 있습니다. 데이터가 손실되지 않게 하려면 해당 파일을 유니코드 형식으로 저장하십시오.
1>H:\Source\GithubDesktop\dk_client\Client\MMovingEffect.h(1,1): warning C4819: 현재 코드 페이지(949)에서 표시할 수 없는 문자가 파일에 들어 있습니다. 데이터가 손실되지 않게 하려면 해당 파일을 유니코드 형식으로 저장하십시오.
1>H:\Source\GithubDesktop\dk_client\Client\MEffect.h(1,1): warning C4819: 현재 코드 페이지(949)에서 표시할 수 없는 문자가 파일에 들어 있습니다. 데이터가 손실되지 않게 하려면 해당 파일을 유니코드 형식으로 저장하십시오.
1>H:\Source\GithubDesktop\dk_client\Client\framelib/CAnimationFrame.h(1,1): warning C4819: 현재 코드 페이지(949)에서 표시할 수 없는 문자가 파일에 들어 있습니다. 데이터가 손실되지 않게 하려면 해당 파일을 유니코드 형식으로 저장하십시오.
1>H:\Source\GithubDesktop\dk_client\Client\MEffectTarget.h(1,1): warning C4819: 현재 코드 페이지(949)에서 표시할 수 없는 문자가 파일에 들어 있습니다. 데이터가 손실되지 않게 하려면 해당 파일을 유니코드 형식으로 저장하십시오.
1>H:\Source\GithubDesktop\dk_client\Client\MActionResult.h(1,1): warning C4819: 현재 코드 페이지(949)에서 표시할 수 없는 문자가 파일에 들어 있습니다. 데이터가 손실되지 않게 하려면 해당 파일을 유니코드 형식으로 저장하십시오.
1>H:\Source\GithubDesktop\dk_client\Client\MStatus.h(1,1): warning C4819: 현재 코드 페이지(949)에서 표시할 수 없는 문자가 파일에 들어 있습니다. 데이터가 손실되지 않게 하려면 해당 파일을 유니코드 형식으로 저장하십시오.
1>H:\Source\GithubDesktop\dk_client\Client\MActionResultDef.h(1,1): warning C4819: 현재 코드 페이지(949)에서 표시할 수 없는 문자가 파일에 들어 있습니다. 데이터가 손실되지 않게 하려면 해당 파일을 유니코드 형식으로 저장하십시오.
1>H:\Source\GithubDesktop\dk_client\Client\MEffectStatusDef.h(1,1): warning C4819: 현재 코드 페이지(949)에서 표시할 수 없는 문자가 파일에 들어 있습니다. 데이터가 손실되지 않게 하려면 해당 파일을 유니코드 형식으로 저장하십시오.
1>H:\Source\GithubDesktop\dk_client\Client\MActionResult.h(727,26): warning C4267: 'return': 'size_t'에서 'int'(으)로 변환하면서 데이터가 손실될 수 있습니다.
1>H:\Source\GithubDesktop\dk_client\Client\framelib/CFramePack.h(1,1): warning C4819: 현재 코드 페이지(949)에서 표시할 수 없는 문자가 파일에 들어 있습니다. 데이터가 손실되지 않게 하려면 해당 파일을 유니코드 형식으로 저장하십시오.
1>H:\Source\GithubDesktop\dk_client\Client\framelib\CFrame.h(1,1): warning C4819: 현재 코드 페이지(949)에서 표시할 수 없는 문자가 파일에 들어 있습니다. 데이터가 손실되지 않게 하려면 해당 파일을 유니코드 형식으로 저장하십시오.
1>H:\Source\GithubDesktop\dk_client\Client\framelib\TArray.h(1,1): warning C4819: 현재 코드 페이지(949)에서 표시할 수 없는 문자가 파일에 들어 있습니다. 데이터가 손실되지 않게 하려면 해당 파일을 유니코드 형식으로 저장하십시오.
1>H:\Source\GithubDesktop\dk_client\Client\SpriteLib/CSpritePack.h(1,1): warning C4819: 현재 코드 페이지(949)에서 표시할 수 없는 문자가 파일에 들어 있습니다. 데이터가 손실되지 않게 하려면 해당 파일을 유니코드 형식으로 저장하십시오.
1>H:\Source\GithubDesktop\dk_client\Client\SpriteLib\CSpriteSetManager.h(1,1): warning C4819: 현재 코드 페이지(949)에서 표시할 수 없는 문자가 파일에 들어 있습니다. 데이터가 손실되지 않게 하려면 해당 파일을 유니코드 형식으로 저장하십시오.
1>H:\Source\GithubDesktop\dk_client\Client\SpriteLib\CSetManager.h(1,1): warning C4819: 현재 코드 페이지(949)에서 표시할 수 없는 문자가 파일에 들어 있습니다. 데이터가 손실되지 않게 하려면 해당 파일을 유니코드 형식으로 저장하십시오.
1>H:\Source\GithubDesktop\dk_client\Client\COrderedList.h(1,1): warning C4819: 현재 코드 페이지(949)에서 표시할 수 없는 문자가 파일에 들어 있습니다. 데이터가 손실되지 않게 하려면 해당 파일을 유니코드 형식으로 저장하십시오.
1>H:\Source\GithubDesktop\dk_client\Client\SpriteLib\CSprite555.h(1,1): warning C4819: 현재 코드 페이지(949)에서 표시할 수 없는 문자가 파일에 들어 있습니다. 데이터가 손실되지 않게 하려면 해당 파일을 유니코드 형식으로 저장하십시오.
1>H:\Source\GithubDesktop\dk_client\Client\SpriteLib\CSprite555.h(16,14): warning C4091: '': 변수를 선언하지 않으면 'std::basic_ofstream<char,std::char_traits<char>>' 왼쪽은 무시됩니다.
1>H:\Source\GithubDesktop\dk_client\Client\SpriteLib\CSprite555.h(17,14): warning C4091: '': 변수를 선언하지 않으면 'std::basic_ifstream<char,std::char_traits<char>>' 왼쪽은 무시됩니다.
1>H:\Source\GithubDesktop\dk_client\Client\SpriteLib\CSpriteSurface.h(1,1): warning C4819: 현재 코드 페이지(949)에서 표시할 수 없는 문자가 파일에 들어 있습니다. 데이터가 손실되지 않게 하려면 해당 파일을 유니코드 형식으로 저장하십시오.
1>H:\Source\GithubDesktop\dk_client\Client\SpriteLib\CSpriteSurface.h(50,1): warning C4005: 'SPRITESURFACE_STANDALONE': 매크로 재정의
1>H:\Source\GithubDesktop\dk_client\Client\MMonsterKillQuestInfo.cpp : message : 'SPRITESURFACE_STANDALONE'의 이전 정의를 참조하십시오.
1>H:\Source\GithubDesktop\dk_client\Client\SpriteLib\CAlphaSpritePal.h(1,1): warning C4819: 현재 코드 페이지(949)에서 표시할 수 없는 문자가 파일에 들어 있습니다. 데이터가 손실되지 않게 하려면 해당 파일을 유니코드 형식으로 저장하십시오.
1>H:\Source\GithubDesktop\dk_client\Client\SpriteLib\CSpriteDef.h(1,1): warning C4819: 현재 코드 페이지(949)에서 표시할 수 없는 문자가 파일에 들어 있습니다. 데이터가 손실되지 않게 하려면 해당 파일을 유니코드 형식으로 저장하십시오.
1>H:\Source\GithubDesktop\dk_client\Client\SpriteLib\TArray.h(1,1): warning C4819: 현재 코드 페이지(949)에서 표시할 수 없는 문자가 파일에 들어 있습니다. 데이터가 손실되지 않게 하려면 해당 파일을 유니코드 형식으로 저장하십시오.
1>H:\Source\GithubDesktop\dk_client\Client\SpriteLib\CSpriteDef.h(14,14): warning C4091: '': 변수를 선언하지 않으면 'std::basic_ifstream<char,std::char_traits<char>>' 왼쪽은 무시됩니다.
1>H:\Source\GithubDesktop\dk_client\Client\SpriteLib\CSpriteDef.h(15,14): warning C4091: '': 변수를 선언하지 않으면 'std::basic_ofstream<char,std::char_traits<char>>' 왼쪽은 무시됩니다.
1>H:\Source\GithubDesktop\dk_client\Client\SpriteLib\CSprite.h(29,14): warning C4091: '': 변수를 선언하지 않으면 'std::basic_ofstream<char,std::char_traits<char>>' 왼쪽은 무시됩니다.
1>H:\Source\GithubDesktop\dk_client\Client\SpriteLib\CSprite.h(30,14): warning C4091: '': 변수를 선언하지 않으면 'std::basic_ifstream<char,std::char_traits<char>>' 왼쪽은 무시됩니다.
1>H:\Source\GithubDesktop\dk_client\Client\SpriteLib\CSprite565.h(1,1): warning C4819: 현재 코드 페이지(949)에서 표시할 수 없는 문자가 파일에 들어 있습니다. 데이터가 손실되지 않게 하려면 해당 파일을 유니코드 형식으로 저장하십시오.
1>H:\Source\GithubDesktop\dk_client\Client\SpriteLib\CSprite565.h(16,14): warning C4091: '': 변수를 선언하지 않으면 'std::basic_ofstream<char,std::char_traits<char>>' 왼쪽은 무시됩니다.
1>H:\Source\GithubDesktop\dk_client\Client\SpriteLib\CSprite565.h(17,14): warning C4091: '': 변수를 선언하지 않으면 'std::basic_ifstream<char,std::char_traits<char>>' 왼쪽은 무시됩니다.
1>H:\Source\GithubDesktop\dk_client\Client\SpriteLib/CAlphaSpritePack.h(1,1): warning C4819: 현재 코드 페이지(949)에서 표시할 수 없는 문자가 파일에 들어 있습니다. 데이터가 손실되지 않게 하려면 해당 파일을 유니코드 형식으로 저장하십시오.
1>H:\Source\GithubDesktop\dk_client\Client\SpriteLib\CAlphaSprite565.h(1,1): warning C4819: 현재 코드 페이지(949)에서 표시할 수 없는 문자가 파일에 들어 있습니다. 데이터가 손실되지 않게 하려면 해당 파일을 유니코드 형식으로 저장하십시오.
1>H:\Source\GithubDesktop\dk_client\Client\SpriteLib\CAlphaSprite565.h(16,14): warning C4091: '': 변수를 선언하지 않으면 'std::basic_ofstream<char,std::char_traits<char>>' 왼쪽은 무시됩니다.
1>H:\Source\GithubDesktop\dk_client\Client\SpriteLib\CAlphaSprite565.h(17,14): warning C4091: '': 변수를 선언하지 않으면 'std::basic_ifstream<char,std::char_traits<char>>' 왼쪽은 무시됩니다.
1>H:\Source\GithubDesktop\dk_client\Client\SpriteLib\CAlphaSprite.h(1,1): warning C4819: 현재 코드 페이지(949)에서 표시할 수 없는 문자가 파일에 들어 있습니다. 데이터가 손실되지 않게 하려면 해당 파일을 유니코드 형식으로 저장하십시오.
1>H:\Source\GithubDesktop\dk_client\Client\SpriteLib\CAlphaSprite.h(19,14): warning C4091: '': 변수를 선언하지 않으면 'std::basic_ofstream<char,std::char_traits<char>>' 왼쪽은 무시됩니다.
1>H:\Source\GithubDesktop\dk_client\Client\SpriteLib\CAlphaSprite.h(20,14): warning C4091: '': 변수를 선언하지 않으면 'std::basic_ifstream<char,std::char_traits<char>>' 왼쪽은 무시됩니다.
1>H:\Source\GithubDesktop\dk_client\Client\SpriteLib\CAlphaSprite555.h(1,1): warning C4819: 현재 코드 페이지(949)에서 표시할 수 없는 문자가 파일에 들어 있습니다. 데이터가 손실되지 않게 하려면 해당 파일을 유니코드 형식으로 저장하십시오.
1>H:\Source\GithubDesktop\dk_client\Client\SpriteLib\CAlphaSprite555.h(16,14): warning C4091: '': 변수를 선언하지 않으면 'std::basic_ofstream<char,std::char_traits<char>>' 왼쪽은 무시됩니다.
1>H:\Source\GithubDesktop\dk_client\Client\SpriteLib\CAlphaSprite555.h(17,14): warning C4091: '': 변수를 선언하지 않으면 'std::basic_ifstream<char,std::char_traits<char>>' 왼쪽은 무시됩니다.
1>H:\Source\GithubDesktop\dk_client\Client\SpriteLib\CAlphaSprite.h(1,1): warning C4819: 현재 코드 페이지(949)에서 표시할 수 없는 문자가 파일에 들어 있습니다. 데이터가 손실되지 않게 하려면 해당 파일을 유니코드 형식으로 저장하십시오.
1>H:\Source\GithubDesktop\dk_client\Client\SpriteLib/CShadowSprite.h(1,1): warning C4819: 현재 코드 페이지(949)에서 표시할 수 없는 문자가 파일에 들어 있습니다. 데이터가 손실되지 않게 하려면 해당 파일을 유니코드 형식으로 저장하십시오.
1>H:\Source\GithubDesktop\dk_client\Client\SpriteLib\CSpriteDef.h(1,1): warning C4819: 현재 코드 페이지(949)에서 표시할 수 없는 문자가 파일에 들어 있습니다. 데이터가 손실되지 않게 하려면 해당 파일을 유니코드 형식으로 저장하십시오.
1>H:\Source\GithubDesktop\dk_client\Client\SpriteLib\CIndexSprite.h(1,1): warning C4819: 현재 코드 페이지(949)에서 표시할 수 없는 문자가 파일에 들어 있습니다. 데이터가 손실되지 않게 하려면 해당 파일을 유니코드 형식으로 저장하십시오.
1>H:\Source\GithubDesktop\dk_client\Client\MActionInfoTable.h(1,1): warning C4819: 현재 코드 페이지(949)에서 표시할 수 없는 문자가 파일에 들어 있습니다. 데이터가 손실되지 않게 하려면 해당 파일을 유니코드 형식으로 저장하십시오.
1>H:\Source\GithubDesktop\dk_client\Client\CTypeTable.h(1,1): warning C4819: 현재 코드 페이지(949)에서 표시할 수 없는 문자가 파일에 들어 있습니다. 데이터가 손실되지 않게 하려면 해당 파일을 유니코드 형식으로 저장하십시오.
1>H:\Source\GithubDesktop\dk_client\Client\MActionInfoTable.h(584,1): warning C4819: 현재 코드 페이지(949)에서 표시할 수 없는 문자가 파일에 들어 있습니다. 데이터가 손실되지 않게 하려면 해당 파일을 유니코드 형식으로 저장하십시오.
1>H:\Source\GithubDesktop\dk_client\Client\MCreatureTable.h(1,1): warning C4819: 현재 코드 페이지(949)에서 표시할 수 없는 문자가 파일에 들어 있습니다. 데이터가 손실되지 않게 하려면 해당 파일을 유니코드 형식으로 저장하십시오.
1>H:\Source\GithubDesktop\dk_client\Client\MCreatureSpriteTable.h(1,1): warning C4819: 현재 코드 페이지(949)에서 표시할 수 없는 문자가 파일에 들어 있습니다. 데이터가 손실되지 않게 하려면 해당 파일을 유니코드 형식으로 저장하십시오.
1>H:\Source\GithubDesktop\dk_client\Client\MEffectStatusTable.h(1,1): warning C4819: 현재 코드 페이지(949)에서 표시할 수 없는 문자가 파일에 들어 있습니다. 데이터가 손실되지 않게 하려면 해당 파일을 유니코드 형식으로 저장하십시오.
1>H:\Source\GithubDesktop\dk_client\Client\MemoryPool.h(1,1): warning C4819: 현재 코드 페이지(949)에서 표시할 수 없는 문자가 파일에 들어 있습니다. 데이터가 손실되지 않게 하려면 해당 파일을 유니코드 형식으로 저장하십시오.
1>H:\Source\GithubDesktop\dk_client\Client\NicknameInfo.h(1,1): warning C4819: 현재 코드 페이지(949)에서 표시할 수 없는 문자가 파일에 들어 있습니다. 데이터가 손실되지 않게 하려면 해당 파일을 유니코드 형식으로 저장하십시오.
1>H:\Source\GithubDesktop\dk_client\Client\Packet/Packet.h(1,1): warning C4819: 현재 코드 페이지(949)에서 표시할 수 없는 문자가 파일에 들어 있습니다. 데이터가 손실되지 않게 하려면 해당 파일을 유니코드 형식으로 저장하십시오.
1>H:\Source\GithubDesktop\dk_client\Client\Packet\SocketInputStream.h(1,1): warning C4819: 현재 코드 페이지(949)에서 표시할 수 없는 문자가 파일에 들어 있습니다. 데이터가 손실되지 않게 하려면 해당 파일을 유니코드 형식으로 저장하십시오.
1>H:\Source\GithubDesktop\dk_client\Client\Packet\Socket.h(1,1): warning C4819: 현재 코드 페이지(949)에서 표시할 수 없는 문자가 파일에 들어 있습니다. 데이터가 손실되지 않게 하려면 해당 파일을 유니코드 형식으로 저장하십시오.
1>H:\Source\GithubDesktop\dk_client\Client\Packet\SocketAPI.h(1,1): warning C4819: 현재 코드 페이지(949)에서 표시할 수 없는 문자가 파일에 들어 있습니다. 데이터가 손실되지 않게 하려면 해당 파일을 유니코드 형식으로 저장하십시오.
1>H:\Source\GithubDesktop\dk_client\Client\Packet\SocketAPI.h(78,36): warning C4290: 함수가 __declspec(nothrow)가 아님을 나타내려는 경우를 제외하고 C++ 예외 사양은 무시됩니다.
1>H:\Source\GithubDesktop\dk_client\Client\Packet\SocketAPI.h(85,32): warning C4290: 함수가 __declspec(nothrow)가 아님을 나타내려는 경우를 제외하고 C++ 예외 사양은 무시됩니다.
1>H:\Source\GithubDesktop\dk_client\Client\Packet\SocketAPI.h(92,60): warning C4290: 함수가 __declspec(nothrow)가 아님을 나타내려는 경우를 제외하고 C++ 예외 사양은 무시됩니다.
1>H:\Source\GithubDesktop\dk_client\Client\Packet\SocketAPI.h(98,36): warning C4290: 함수가 __declspec(nothrow)가 아님을 나타내려는 경우를 제외하고 C++ 예외 사양은 무시됩니다.
1>H:\Source\GithubDesktop\dk_client\Client\Packet\SocketAPI.h(105,41): warning C4290: 함수가 __declspec(nothrow)가 아님을 나타내려는 경우를 제외하고 C++ 예외 사양은 무시됩니다.
1>H:\Source\GithubDesktop\dk_client\Client\Packet\SocketAPI.h(112,36): warning C4290: 함수가 __declspec(nothrow)가 아님을 나타내려는 경우를 제외하고 C++ 예외 사양은 무시됩니다.
1>H:\Source\GithubDesktop\dk_client\Client\Packet\SocketAPI.h(118,36): warning C4290: 함수가 __declspec(nothrow)가 아님을 나타내려는 경우를 제외하고 C++ 예외 사양은 무시됩니다.
1>H:\Source\GithubDesktop\dk_client\Client\Packet\SocketAPI.h(125,60): warning C4290: 함수가 __declspec(nothrow)가 아님을 나타내려는 경우를 제외하고 C++ 예외 사양은 무시됩니다.
1>H:\Source\GithubDesktop\dk_client\Client\Packet\SocketAPI.h(132,60): warning C4290: 함수가 __declspec(nothrow)가 아님을 나타내려는 경우를 제외하고 C++ 예외 사양은 무시됩니다.
1>H:\Source\GithubDesktop\dk_client\Client\Packet\SocketAPI.h(139,60): warning C4290: 함수가 __declspec(nothrow)가 아님을 나타내려는 경우를 제외하고 C++ 예외 사양은 무시됩니다.
1>H:\Source\GithubDesktop\dk_client\Client\Packet\SocketAPI.h(146,60): warning C4290: 함수가 __declspec(nothrow)가 아님을 나타내려는 경우를 제외하고 C++ 예외 사양은 무시됩니다.
1>H:\Source\GithubDesktop\dk_client\Client\Packet\SocketAPI.h(157,40): warning C4290: 함수가 __declspec(nothrow)가 아님을 나타내려는 경우를 제외하고 C++ 예외 사양은 무시됩니다.
1>H:\Source\GithubDesktop\dk_client\Client\Packet\SocketAPI.h(168,36): warning C4290: 함수가 __declspec(nothrow)가 아님을 나타내려는 경우를 제외하고 C++ 예외 사양은 무시됩니다.
1>H:\Source\GithubDesktop\dk_client\Client\Packet\SocketAPI.h(175,36): warning C4290: 함수가 __declspec(nothrow)가 아님을 나타내려는 경우를 제외하고 C++ 예외 사양은 무시됩니다.
1>H:\Source\GithubDesktop\dk_client\Client\Packet\SocketAPI.h(182,36): warning C4290: 함수가 __declspec(nothrow)가 아님을 나타내려는 경우를 제외하고 C++ 예외 사양은 무시됩니다.
1>H:\Source\GithubDesktop\dk_client\Client\Packet\SocketAPI.h(189,36): warning C4290: 함수가 __declspec(nothrow)가 아님을 나타내려는 경우를 제외하고 C++ 예외 사양은 무시됩니다.
1>H:\Source\GithubDesktop\dk_client\Client\Packet\SocketAPI.h(196,36): warning C4290: 함수가 __declspec(nothrow)가 아님을 나타내려는 경우를 제외하고 C++ 예외 사양은 무시됩니다.
1>H:\Source\GithubDesktop\dk_client\Client\Packet\SocketAPI.h(203,58): warning C4290: 함수가 __declspec(nothrow)가 아님을 나타내려는 경우를 제외하고 C++ 예외 사양은 무시됩니다.
1>H:\Source\GithubDesktop\dk_client\Client\Packet\SocketImpl.h(47,59): warning C4290: 함수가 __declspec(nothrow)가 아님을 나타내려는 경우를 제외하고 C++ 예외 사양은 무시됩니다.
1>H:\Source\GithubDesktop\dk_client\Client\Packet\SocketImpl.h(55,51): warning C4290: 함수가 __declspec(nothrow)가 아님을 나타내려는 경우를 제외하고 C++ 예외 사양은 무시됩니다.
1>H:\Source\GithubDesktop\dk_client\Client\Packet\SocketImpl.h(58,50): warning C4290: 함수가 __declspec(nothrow)가 아님을 나타내려는 경우를 제외하고 C++ 예외 사양은 무시됩니다.
1>H:\Source\GithubDesktop\dk_client\Client\Packet\SocketImpl.h(61,45): warning C4290: 함수가 __declspec(nothrow)가 아님을 나타내려는 경우를 제외하고 C++ 예외 사양은 무시됩니다.
1>H:\Source\GithubDesktop\dk_client\Client\Packet\SocketImpl.h(62,56): warning C4290: 함수가 __declspec(nothrow)가 아님을 나타내려는 경우를 제외하고 C++ 예외 사양은 무시됩니다.
1>H:\Source\GithubDesktop\dk_client\Client\Packet\SocketImpl.h(65,65): warning C4290: 함수가 __declspec(nothrow)가 아님을 나타내려는 경우를 제외하고 C++ 예외 사양은 무시됩니다.
1>H:\Source\GithubDesktop\dk_client\Client\Packet\SocketImpl.h(68,51): warning C4290: 함수가 __declspec(nothrow)가 아님을 나타내려는 경우를 제외하고 C++ 예외 사양은 무시됩니다.
1>H:\Source\GithubDesktop\dk_client\Client\Packet\SocketImpl.h(69,89): warning C4290: 함수가 __declspec(nothrow)가 아님을 나타내려는 경우를 제외하고 C++ 예외 사양은 무시됩니다.
1>H:\Source\GithubDesktop\dk_client\Client\Packet\SocketImpl.h(72,64): warning C4290: 함수가 __declspec(nothrow)가 아님을 나타내려는 경우를 제외하고 C++ 예외 사양은 무시됩니다.
1>H:\Source\GithubDesktop\dk_client\Client\Packet\SocketImpl.h(75,89): warning C4290: 함수가 __declspec(nothrow)가 아님을 나타내려는 경우를 제외하고 C++ 예외 사양은 무시됩니다.
1>H:\Source\GithubDesktop\dk_client\Client\Packet\SocketImpl.h(78,86): warning C4290: 함수가 __declspec(nothrow)가 아님을 나타내려는 경우를 제외하고 C++ 예외 사양은 무시됩니다.
1>H:\Source\GithubDesktop\dk_client\Client\Packet\SocketImpl.h(81,60): warning C4290: 함수가 __declspec(nothrow)가 아님을 나타내려는 경우를 제외하고 C++ 예외 사양은 무시됩니다.
1>H:\Source\GithubDesktop\dk_client\Client\Packet\SocketImpl.h(90,60): warning C4290: 함수가 __declspec(nothrow)가 아님을 나타내려는 경우를 제외하고 C++ 예외 사양은 무시됩니다.
1>H:\Source\GithubDesktop\dk_client\Client\Packet\SocketImpl.h(91,71): warning C4290: 함수가 __declspec(nothrow)가 아님을 나타내려는 경우를 제외하고 C++ 예외 사양은 무시됩니다.
1>H:\Source\GithubDesktop\dk_client\Client\Packet\SocketImpl.h(94,62): warning C4290: 함수가 __declspec(nothrow)가 아님을 나타내려는 경우를 제외하고 C++ 예외 사양은 무시됩니다.
1>H:\Source\GithubDesktop\dk_client\Client\Packet\SocketImpl.h(95,73): warning C4290: 함수가 __declspec(nothrow)가 아님을 나타내려는 경우를 제외하고 C++ 예외 사양은 무시됩니다.
1>H:\Source\GithubDesktop\dk_client\Client\Packet\SocketImpl.h(98,64): warning C4290: 함수가 __declspec(nothrow)가 아님을 나타내려는 경우를 제외하고 C++ 예외 사양은 무시됩니다.
1>H:\Source\GithubDesktop\dk_client\Client\Packet\SocketImpl.h(99,75): warning C4290: 함수가 __declspec(nothrow)가 아님을 나타내려는 경우를 제외하고 C++ 예외 사양은 무시됩니다.
1>H:\Source\GithubDesktop\dk_client\Client\Packet\SocketImpl.h(102,71): warning C4290: 함수가 __declspec(nothrow)가 아님을 나타내려는 경우를 제외하고 C++ 예외 사양은 무시됩니다.
1>H:\Source\GithubDesktop\dk_client\Client\Packet\SocketImpl.h(103,76): warning C4290: 함수가 __declspec(nothrow)가 아님을 나타내려는 경우를 제외하고 C++ 예외 사양은 무시됩니다.
1>H:\Source\GithubDesktop\dk_client\Client\Packet\SocketImpl.h(106,68): warning C4290: 함수가 __declspec(nothrow)가 아님을 나타내려는 경우를 제외하고 C++ 예외 사양은 무시됩니다.
1>H:\Source\GithubDesktop\dk_client\Client\Packet\SocketImpl.h(107,73): warning C4290: 함수가 __declspec(nothrow)가 아님을 나타내려는 경우를 제외하고 C++ 예외 사양은 무시됩니다.
1>H:\Source\GithubDesktop\dk_client\Client\Packet\Socket.h(45,55): warning C4290: 함수가 __declspec(nothrow)가 아님을 나타내려는 경우를 제외하고 C++ 예외 사양은 무시됩니다.
1>H:\Source\GithubDesktop\dk_client\Client\Packet\Socket.h(54,50): warning C4290: 함수가 __declspec(nothrow)가 아님을 나타내려는 경우를 제외하고 C++ 예외 사양은 무시됩니다.
1>H:\Source\GithubDesktop\dk_client\Client\Packet\Socket.h(57,51): warning C4290: 함수가 __declspec(nothrow)가 아님을 나타내려는 경우를 제외하고 C++ 예외 사양은 무시됩니다.
1>H:\Source\GithubDesktop\dk_client\Client\Packet\Socket.h(58,89): warning C4290: 함수가 __declspec(nothrow)가 아님을 나타내려는 경우를 제외하고 C++ 예외 사양은 무시됩니다.
1>H:\Source\GithubDesktop\dk_client\Client\Packet\Socket.h(61,91): warning C4290: 함수가 __declspec(nothrow)가 아님을 나타내려는 경우를 제외하고 C++ 예외 사양은 무시됩니다.
1>H:\Source\GithubDesktop\dk_client\Client\Packet\Socket.h(64,89): warning C4290: 함수가 __declspec(nothrow)가 아님을 나타내려는 경우를 제외하고 C++ 예외 사양은 무시됩니다.
1>H:\Source\GithubDesktop\dk_client\Client\Packet\Socket.h(67,86): warning C4290: 함수가 __declspec(nothrow)가 아님을 나타내려는 경우를 제외하고 C++ 예외 사양은 무시됩니다.
1>H:\Source\GithubDesktop\dk_client\Client\Packet\Socket.h(70,60): warning C4290: 함수가 __declspec(nothrow)가 아님을 나타내려는 경우를 제외하고 C++ 예외 사양은 무시됩니다.
1>H:\Source\GithubDesktop\dk_client\Client\Packet\Socket.h(79,63): warning C4290: 함수가 __declspec(nothrow)가 아님을 나타내려는 경우를 제외하고 C++ 예외 사양은 무시됩니다.
1>H:\Source\GithubDesktop\dk_client\Client\Packet\Socket.h(80,74): warning C4290: 함수가 __declspec(nothrow)가 아님을 나타내려는 경우를 제외하고 C++ 예외 사양은 무시됩니다.
1>H:\Source\GithubDesktop\dk_client\Client\Packet\Socket.h(83,67): warning C4290: 함수가 __declspec(nothrow)가 아님을 나타내려는 경우를 제외하고 C++ 예외 사양은 무시됩니다.
1>H:\Source\GithubDesktop\dk_client\Client\Packet\Socket.h(84,78): warning C4290: 함수가 __declspec(nothrow)가 아님을 나타내려는 경우를 제외하고 C++ 예외 사양은 무시됩니다.
1>H:\Source\GithubDesktop\dk_client\Client\Packet\Socket.h(87,74): warning C4290: 함수가 __declspec(nothrow)가 아님을 나타내려는 경우를 제외하고 C++ 예외 사양은 무시됩니다.
1>H:\Source\GithubDesktop\dk_client\Client\Packet\Socket.h(88,79): warning C4290: 함수가 __declspec(nothrow)가 아님을 나타내려는 경우를 제외하고 C++ 예외 사양은 무시됩니다.
1>H:\Source\GithubDesktop\dk_client\Client\Packet\Socket.h(91,71): warning C4290: 함수가 __declspec(nothrow)가 아님을 나타내려는 경우를 제외하고 C++ 예외 사양은 무시됩니다.
1>H:\Source\GithubDesktop\dk_client\Client\Packet\Socket.h(92,76): warning C4290: 함수가 __declspec(nothrow)가 아님을 나타내려는 경우를 제외하고 C++ 예외 사양은 무시됩니다.
1>H:\Source\GithubDesktop\dk_client\Client\Packet\SocketInputStream.h(49,20): warning C4290: 함수가 __declspec(nothrow)가 아님을 나타내려는 경우를 제외하고 C++ 예외 사양은 무시됩니다.
1>H:\Source\GithubDesktop\dk_client\Client\Packet\SocketInputStream.h(52,66): warning C4290: 함수가 __declspec(nothrow)가 아님을 나타내려는 경우를 제외하고 C++ 예외 사양은 무시됩니다.
1>H:\Source\GithubDesktop\dk_client\Client\Packet\SocketInputStream.h(61,72): warning C4290: 함수가 __declspec(nothrow)가 아님을 나타내려는 경우를 제외하고 C++ 예외 사양은 무시됩니다.
1>H:\Source\GithubDesktop\dk_client\Client\Packet\SocketInputStream.h(62,79): warning C4290: 함수가 __declspec(nothrow)가 아님을 나타내려는 경우를 제외하고 C++ 예외 사양은 무시됩니다.
1>H:\Source\GithubDesktop\dk_client\Client\Packet\SocketInputStream.h(63,61): warning C4290: 함수가 __declspec(nothrow)가 아님을 나타내려는 경우를 제외하고 C++ 예외 사양은 무시됩니다.
1>H:\Source\GithubDesktop\dk_client\Client\Packet\SocketInputStream.h(65,63): warning C4290: 함수가 __declspec(nothrow)가 아님을 나타내려는 경우를 제외하고 C++ 예외 사양은 무시됩니다.
1>H:\Source\GithubDesktop\dk_client\Client\Packet\SocketInputStream.h(66,63): warning C4290: 함수가 __declspec(nothrow)가 아님을 나타내려는 경우를 제외하고 C++ 예외 사양은 무시됩니다.
1>H:\Source\GithubDesktop\dk_client\Client\Packet\SocketInputStream.h(67,63): warning C4290: 함수가 __declspec(nothrow)가 아님을 나타내려는 경우를 제외하고 C++ 예외 사양은 무시됩니다.
1>H:\Source\GithubDesktop\dk_client\Client\Packet\SocketInputStream.h(68,63): warning C4290: 함수가 __declspec(nothrow)가 아님을 나타내려는 경우를 제외하고 C++ 예외 사양은 무시됩니다.
1>H:\Source\GithubDesktop\dk_client\Client\Packet\SocketInputStream.h(69,63): warning C4290: 함수가 __declspec(nothrow)가 아님을 나타내려는 경우를 제외하고 C++ 예외 사양은 무시됩니다.
1>H:\Source\GithubDesktop\dk_client\Client\Packet\SocketInputStream.h(70,63): warning C4290: 함수가 __declspec(nothrow)가 아님을 나타내려는 경우를 제외하고 C++ 예외 사양은 무시됩니다.
1>H:\Source\GithubDesktop\dk_client\Client\Packet\SocketInputStream.h(71,63): warning C4290: 함수가 __declspec(nothrow)가 아님을 나타내려는 경우를 제외하고 C++ 예외 사양은 무시됩니다.
1>H:\Source\GithubDesktop\dk_client\Client\Packet\SocketInputStream.h(72,63): warning C4290: 함수가 __declspec(nothrow)가 아님을 나타내려는 경우를 제외하고 C++ 예외 사양은 무시됩니다.
1>H:\Source\GithubDesktop\dk_client\Client\Packet\SocketInputStream.h(78,63): warning C4290: 함수가 __declspec(nothrow)가 아님을 나타내려는 경우를 제외하고 C++ 예외 사양은 무시됩니다.
1>H:\Source\GithubDesktop\dk_client\Client\Packet\SocketInputStream.h(86,72): warning C4290: 함수가 __declspec(nothrow)가 아님을 나타내려는 경우를 제외하고 C++ 예외 사양은 무시됩니다.
1>H:\Source\GithubDesktop\dk_client\Client\Packet\SocketInputStream.h(89,59): warning C4290: 함수가 __declspec(nothrow)가 아님을 나타내려는 경우를 제외하고 C++ 예외 사양은 무시됩니다.
1>H:\Source\GithubDesktop\dk_client\Client\Packet\SocketInputStream.h(92,43): warning C4290: 함수가 __declspec(nothrow)가 아님을 나타내려는 경우를 제외하고 C++ 예외 사양은 무시됩니다.
1>H:\Source\GithubDesktop\dk_client\Client\Packet\SocketInputStream.h(93,47): warning C4290: 함수가 __declspec(nothrow)가 아님을 나타내려는 경우를 제외하고 C++ 예외 사양은 무시됩니다.
1>H:\Source\GithubDesktop\dk_client\Client\Packet\SocketInputStream.h(96,55): warning C4290: 함수가 __declspec(nothrow)가 아님을 나타내려는 경우를 제외하고 C++ 예외 사양은 무시됩니다.
1>H:\Source\GithubDesktop\dk_client\Client\Packet\SocketOutputStream.h(1,1): warning C4819: 현재 코드 페이지(949)에서 표시할 수 없는 문자가 파일에 들어 있습니다. 데이터가 손실되지 않게 하려면 해당 파일을 유니코드 형식으로 저장하십시오.
1>H:\Source\GithubDesktop\dk_client\Client\Packet\SocketOutputStream.h(37,21): warning C4290: 함수가 __declspec(nothrow)가 아님을 나타내려는 경우를 제외하고 C++ 예외 사양은 무시됩니다.
1>H:\Source\GithubDesktop\dk_client\Client\Packet\SocketOutputStream.h(40,67): warning C4290: 함수가 __declspec(nothrow)가 아님을 나타내려는 경우를 제외하고 C++ 예외 사양은 무시됩니다.
1>H:\Source\GithubDesktop\dk_client\Client\Packet\SocketOutputStream.h(54,79): warning C4290: 함수가 __declspec(nothrow)가 아님을 나타내려는 경우를 제외하고 C++ 예외 사양은 무시됩니다.
1>H:\Source\GithubDesktop\dk_client\Client\Packet\SocketOutputStream.h(55,75): warning C4290: 함수가 __declspec(nothrow)가 아님을 나타내려는 경우를 제외하고 C++ 예외 사양은 무시됩니다.
1>H:\Source\GithubDesktop\dk_client\Client\Packet\SocketOutputStream.h(56,74): warning C4290: 함수가 __declspec(nothrow)가 아님을 나타내려는 경우를 제외하고 C++ 예외 사양은 무시됩니다.
1>H:\Source\GithubDesktop\dk_client\Client\Packet\SocketOutputStream.h(58,65): warning C4290: 함수가 __declspec(nothrow)가 아님을 나타내려는 경우를 제외하고 C++ 예외 사양은 무시됩니다.
1>H:\Source\GithubDesktop\dk_client\Client\Packet\SocketOutputStream.h(59,65): warning C4290: 함수가 __declspec(nothrow)가 아님을 나타내려는 경우를 제외하고 C++ 예외 사양은 무시됩니다.
1>H:\Source\GithubDesktop\dk_client\Client\Packet\SocketOutputStream.h(60,65): warning C4290: 함수가 __declspec(nothrow)가 아님을 나타내려는 경우를 제외하고 C++ 예외 사양은 무시됩니다.
1>H:\Source\GithubDesktop\dk_client\Client\Packet\SocketOutputStream.h(61,65): warning C4290: 함수가 __declspec(nothrow)가 아님을 나타내려는 경우를 제외하고 C++ 예외 사양은 무시됩니다.
1>H:\Source\GithubDesktop\dk_client\Client\Packet\SocketOutputStream.h(62,65): warning C4290: 함수가 __declspec(nothrow)가 아님을 나타내려는 경우를 제외하고 C++ 예외 사양은 무시됩니다.
1>H:\Source\GithubDesktop\dk_client\Client\Packet\SocketOutputStream.h(63,65): warning C4290: 함수가 __declspec(nothrow)가 아님을 나타내려는 경우를 제외하고 C++ 예외 사양은 무시됩니다.
1>H:\Source\GithubDesktop\dk_client\Client\Packet\SocketOutputStream.h(64,65): warning C4290: 함수가 __declspec(nothrow)가 아님을 나타내려는 경우를 제외하고 C++ 예외 사양은 무시됩니다.
1>H:\Source\GithubDesktop\dk_client\Client\Packet\SocketOutputStream.h(65,65): warning C4290: 함수가 __declspec(nothrow)가 아님을 나타내려는 경우를 제외하고 C++ 예외 사양은 무시됩니다.
1>H:\Source\GithubDesktop\dk_client\Client\Packet\SocketOutputStream.h(69,65): warning C4290: 함수가 __declspec(nothrow)가 아님을 나타내려는 경우를 제외하고 C++ 예외 사양은 무시됩니다.
1>H:\Source\GithubDesktop\dk_client\Client\Packet\SocketOutputStream.h(75,44): warning C4290: 함수가 __declspec(nothrow)가 아님을 나타내려는 경우를 제외하고 C++ 예외 사양은 무시됩니다.
1>H:\Source\GithubDesktop\dk_client\Client\Packet\SocketOutputStream.h(78,55): warning C4290: 함수가 __declspec(nothrow)가 아님을 나타내려는 경우를 제외하고 C++ 예외 사양은 무시됩니다.
1>H:\Source\GithubDesktop\dk_client\Client\Packet\SocketOutputStream.h(55,77): warning C4267: '인수': 'size_t'에서 'uint'(으)로 변환하면서 데이터가 손실될 수 있습니다.
1>H:\Source\GithubDesktop\dk_client\Client\NicknameInfo.h(31,70): warning C4290: 함수가 __declspec(nothrow)가 아님을 나타내려는 경우를 제외하고 C++ 예외 사양은 무시됩니다.
1>H:\Source\GithubDesktop\dk_client\Client\NicknameInfo.h(32,78): warning C4290: 함수가 __declspec(nothrow)가 아님을 나타내려는 경우를 제외하고 C++ 예외 사양은 무시됩니다.
1>H:\Source\GithubDesktop\dk_client\Client\MCreature.h(629,1): warning C4819: 현재 코드 페이지(949)에서 표시할 수 없는 문자가 파일에 들어 있습니다. 데이터가 손실되지 않게 하려면 해당 파일을 유니코드 형식으로 저장하십시오.
1>H:\Source\GithubDesktop\dk_client\Client\MCreature.h(408,38): warning C4267: 'return': 'size_t'에서 'int'(으)로 변환하면서 데이터가 손실될 수 있습니다.
1>H:\Source\GithubDesktop\dk_client\Client\MCreature.h(409,44): warning C4267: 'return': 'size_t'에서 'int'(으)로 변환하면서 데이터가 손실될 수 있습니다.
1>H:\Source\GithubDesktop\dk_client\Client\MCreature.h(746,44): warning C4267: 'return': 'size_t'에서 'const int'(으)로 변환하면서 데이터가 손실될 수 있습니다.
1>H:\Source\GithubDesktop\dk_client\Client\MItem.h(1,1): warning C4819: 현재 코드 페이지(949)에서 표시할 수 없는 문자가 파일에 들어 있습니다. 데이터가 손실되지 않게 하려면 해당 파일을 유니코드 형식으로 저장하십시오.
1>H:\Source\GithubDesktop\dk_client\Client\MITemTable.h(1,1): warning C4819: 현재 코드 페이지(949)에서 표시할 수 없는 문자가 파일에 들어 있습니다. 데이터가 손실되지 않게 하려면 해당 파일을 유니코드 형식으로 저장하십시오.
1>H:\Source\GithubDesktop\dk_client\Client\SoundDef.h(1,1): warning C4819: 현재 코드 페이지(949)에서 표시할 수 없는 문자가 파일에 들어 있습니다. 데이터가 손실되지 않게 하려면 해당 파일을 유니코드 형식으로 저장하십시오.
1>H:\Source\GithubDesktop\dk_client\Client\MGridItemManager.h(1,1): warning C4819: 현재 코드 페이지(949)에서 표시할 수 없는 문자가 파일에 들어 있습니다. 데이터가 손실되지 않게 하려면 해당 파일을 유니코드 형식으로 저장하십시오.
1>H:\Source\GithubDesktop\dk_client\Client\MItemManager.h(1,1): warning C4819: 현재 코드 페이지(949)에서 표시할 수 없는 문자가 파일에 들어 있습니다. 데이터가 손실되지 않게 하려면 해당 파일을 유니코드 형식으로 저장하십시오.
1>H:\Source\GithubDesktop\dk_client\Client\MItemManager.h(52,24): warning C4267: 'return': 'size_t'에서 'int'(으)로 변환하면서 데이터가 손실될 수 있습니다.
1>H:\Source\GithubDesktop\dk_client\Client\MSlotItemManager.h(1,1): warning C4819: 현재 코드 페이지(949)에서 표시할 수 없는 문자가 파일에 들어 있습니다. 데이터가 손실되지 않게 하려면 해당 파일을 유니코드 형식으로 저장하십시오.
1>H:\Source\GithubDesktop\dk_client\Client\ItemClassDef.h(1,1): warning C4819: 현재 코드 페이지(949)에서 표시할 수 없는 문자가 파일에 들어 있습니다. 데이터가 손실되지 않게 하려면 해당 파일을 유니코드 형식으로 저장하십시오.
1>H:\Source\GithubDesktop\dk_client\Client\MItem.h(169,49): warning C4267: 'return': 'size_t'에서 'int'(으)로 변환하면서 데이터가 손실될 수 있습니다.
1>H:\Source\GithubDesktop\dk_client\Client\MItem.h(174,49): warning C4267: 'return': 'size_t'에서 'int'(으)로 변환하면서 데이터가 손실될 수 있습니다.
1>H:\Source\GithubDesktop\dk_client\Client\MItem.h(757,1): warning C4819: 현재 코드 페이지(949)에서 표시할 수 없는 문자가 파일에 들어 있습니다. 데이터가 손실되지 않게 하려면 해당 파일을 유니코드 형식으로 저장하십시오.
1>H:\Source\GithubDesktop\dk_client\Client\MItem.h(1690,1): warning C4819: 현재 코드 페이지(949)에서 표시할 수 없는 문자가 파일에 들어 있습니다. 데이터가 손실되지 않게 하려면 해당 파일을 유니코드 형식으로 저장하십시오.
1>H:\Source\GithubDesktop\dk_client\Client\MItem.h(2631,1): warning C4819: 현재 코드 페이지(949)에서 표시할 수 없는 문자가 파일에 들어 있습니다. 데이터가 손실되지 않게 하려면 해당 파일을 유니코드 형식으로 저장하십시오.
1>H:\Source\GithubDesktop\dk_client\Client\MZone.h(1,1): warning C4819: 현재 코드 페이지(949)에서 표시할 수 없는 문자가 파일에 들어 있습니다. 데이터가 손실되지 않게 하려면 해당 파일을 유니코드 형식으로 저장하십시오.
1>H:\Source\GithubDesktop\dk_client\Client\MSector.h(1,1): warning C4819: 현재 코드 페이지(949)에서 표시할 수 없는 문자가 파일에 들어 있습니다. 데이터가 손실되지 않게 하려면 해당 파일을 유니코드 형식으로 저장하십시오.
1>H:\Source\GithubDesktop\dk_client\Client\SectorSoundInfo.h(1,1): warning C4819: 현재 코드 페이지(949)에서 표시할 수 없는 문자가 파일에 들어 있습니다. 데이터가 손실되지 않게 하려면 해당 파일을 유니코드 형식으로 저장하십시오.
1>H:\Source\GithubDesktop\dk_client\Client\MSector.h(334,32): warning C4267: 'return': 'size_t'에서 'int'(으)로 변환하면서 데이터가 손실될 수 있습니다.
1>H:\Source\GithubDesktop\dk_client\Client\MSector.h(394,35): warning C4267: 'return': 'size_t'에서 'int'(으)로 변환하면서 데이터가 손실될 수 있습니다.
1>H:\Source\GithubDesktop\dk_client\Client\MSector.h(405,42): warning C4267: 'return': 'size_t'에서 'int'(으)로 변환하면서 데이터가 손실될 수 있습니다.
1>H:\Source\GithubDesktop\dk_client\Client\MHelicopterManager.h(1,1): warning C4819: 현재 코드 페이지(949)에서 표시할 수 없는 문자가 파일에 들어 있습니다. 데이터가 손실되지 않게 하려면 해당 파일을 유니코드 형식으로 저장하십시오.
1>H:\Source\GithubDesktop\dk_client\Client\CTypeMap2.h(1,1): warning C4819: 현재 코드 페이지(949)에서 표시할 수 없는 문자가 파일에 들어 있습니다. 데이터가 손실되지 않게 하려면 해당 파일을 유니코드 형식으로 저장하십시오.
1>H:\Source\GithubDesktop\dk_client\Client\CPositionList.h(1,1): warning C4819: 현재 코드 페이지(949)에서 표시할 수 없는 문자가 파일에 들어 있습니다. 데이터가 손실되지 않게 하려면 해당 파일을 유니코드 형식으로 저장하십시오.
1>H:\Source\GithubDesktop\dk_client\Client\ZoneFileHeader.h(1,1): warning C4819: 현재 코드 페이지(949)에서 표시할 수 없는 문자가 파일에 들어 있습니다. 데이터가 손실되지 않게 하려면 해당 파일을 유니코드 형식으로 저장하십시오.
1>H:\Source\GithubDesktop\dk_client\Client\MZoneDef.h(1,1): warning C4819: 현재 코드 페이지(949)에서 표시할 수 없는 문자가 파일에 들어 있습니다. 데이터가 손실되지 않게 하려면 해당 파일을 유니코드 형식으로 저장하십시오.
1>H:\Source\GithubDesktop\dk_client\Client\SoundNode.h(1,1): warning C4819: 현재 코드 페이지(949)에서 표시할 수 없는 문자가 파일에 들어 있습니다. 데이터가 손실되지 않게 하려면 해당 파일을 유니코드 형식으로 저장하십시오.
1>H:\Source\GithubDesktop\dk_client\Client\MZone.h(165,36): warning C4267: 'return': 'size_t'에서 'int'(으)로 변환하면서 데이터가 손실될 수 있습니다.
1>H:\Source\GithubDesktop\dk_client\Client\MZone.h(233,32): warning C4267: 'return': 'size_t'에서 'int'(으)로 변환하면서 데이터가 손실될 수 있습니다.
1>H:\Source\GithubDesktop\dk_client\Client\MZone.h(275,29): warning C4267: 'return': 'size_t'에서 'int'(으)로 변환하면서 데이터가 손실될 수 있습니다.
1>H:\Source\GithubDesktop\dk_client\Client\MZone.h(288,35): warning C4267: 'return': 'size_t'에서 'int'(으)로 변환하면서 데이터가 손실될 수 있습니다.
1>H:\Source\GithubDesktop\dk_client\Client\MZone.h(366,40): warning C4267: 'return': 'size_t'에서 'int'(으)로 변환하면서 데이터가 손실될 수 있습니다.
1>H:\Source\GithubDesktop\dk_client\Client\CMessageArray.h(1,1): warning C4819: 현재 코드 페이지(949)에서 표시할 수 없는 문자가 파일에 들어 있습니다. 데이터가 손실되지 않게 하려면 해당 파일을 유니코드 형식으로 저장하십시오.
1>H:\Source\GithubDesktop\dk_client\Client\PacketFunction.h(1,1): warning C4819: 현재 코드 페이지(949)에서 표시할 수 없는 문자가 파일에 들어 있습니다. 데이터가 손실되지 않게 하려면 해당 파일을 유니코드 형식으로 저장하십시오.
1>H:\Source\GithubDesktop\dk_client\Client\MHelpManager.h(1,1): warning C4819: 현재 코드 페이지(949)에서 표시할 수 없는 문자가 파일에 들어 있습니다. 데이터가 손실되지 않게 하려면 해당 파일을 유니코드 형식으로 저장하십시오.
1>H:\Source\GithubDesktop\dk_client\Client\MHelpDef.h(1,1): warning C4819: 현재 코드 페이지(949)에서 표시할 수 없는 문자가 파일에 들어 있습니다. 데이터가 손실되지 않게 하려면 해당 파일을 유니코드 형식으로 저장하십시오.
1>H:\Source\GithubDesktop\dk_client\Client\UserOption.h(1,1): warning C4819: 현재 코드 페이지(949)에서 표시할 수 없는 문자가 파일에 들어 있습니다. 데이터가 손실되지 않게 하려면 해당 파일을 유니코드 형식으로 저장하십시오.
1>H:\Source\GithubDesktop\dk_client\Client\DebugInfo.h(1,1): warning C4819: 현재 코드 페이지(949)에서 표시할 수 없는 문자가 파일에 들어 있습니다. 데이터가 손실되지 않게 하려면 해당 파일을 유니코드 형식으로 저장하십시오.
1>H:\Source\GithubDesktop\dk_client\Client\MinTr.h(1,1): warning C4819: 현재 코드 페이지(949)에서 표시할 수 없는 문자가 파일에 들어 있습니다. 데이터가 손실되지 않게 하려면 해당 파일을 유니코드 형식으로 저장하십시오.
1>H:\Source\GithubDesktop\dk_client\Client\MinTr.h(84,47): warning C4267: '=': 'size_t'에서 'DWORD'(으)로 변환하면서 데이터가 손실될 수 있습니다.
1>H:\Source\GithubDesktop\dk_client\Client\MinTr.h(108,50): warning C4267: '=': 'size_t'에서 'DWORD'(으)로 변환하면서 데이터가 손실될 수 있습니다.
1>H:\Source\GithubDesktop\dk_client\Client\MinTr.h(135,2): warning C4996: 'vsprintf': This function or variable may be unsafe. Consider using vsprintf_s instead. To disable deprecation, use _CRT_SECURE_NO_WARNINGS. See online help for details.
1>H:\Source\GithubDesktop\dk_client\Client\MinTr.h(153,47): warning C4267: '=': 'size_t'에서 'DWORD'(으)로 변환하면서 데이터가 손실될 수 있습니다.
1>H:\Source\GithubDesktop\dk_client\Client\MinTr.h(176,50): warning C4267: '=': 'size_t'에서 'DWORD'(으)로 변환하면서 데이터가 손실될 수 있습니다.
1>H:\Source\GithubDesktop\dk_client\Client\MinTr.h(204,2): warning C4996: 'vsprintf': This function or variable may be unsafe. Consider using vsprintf_s instead. To disable deprecation, use _CRT_SECURE_NO_WARNINGS. See online help for details.
1>H:\Source\GithubDesktop\dk_client\Client\MinTr.h(222,47): warning C4267: '=': 'size_t'에서 'DWORD'(으)로 변환하면서 데이터가 손실될 수 있습니다.
1>H:\Source\GithubDesktop\dk_client\Client\MinTr.h(245,50): warning C4267: '=': 'size_t'에서 'DWORD'(으)로 변환하면서 데이터가 손실될 수 있습니다.
1>H:\Source\GithubDesktop\dk_client\Client\MinTr.h(272,2): warning C4996: 'vsprintf': This function or variable may be unsafe. Consider using vsprintf_s instead. To disable deprecation, use _CRT_SECURE_NO_WARNINGS. See online help for details.
1>H:\Source\GithubDesktop\dk_client\Client\MinTr.h(292,49): warning C4267: '=': 'size_t'에서 'DWORD'(으)로 변환하면서 데이터가 손실될 수 있습니다.
1>H:\Source\GithubDesktop\dk_client\Client\MinTr.h(290,3): warning C4996: 'sprintf': This function or variable may be unsafe. Consider using sprintf_s instead. To disable deprecation, use _CRT_SECURE_NO_WARNINGS. See online help for details.
1>H:\Source\GithubDesktop\dk_client\Client\MinTr.h(336,2): warning C4996: 'vsprintf': This function or variable may be unsafe. Consider using vsprintf_s instead. To disable deprecation, use _CRT_SECURE_NO_WARNINGS. See online help for details.
1>H:\Source\GithubDesktop\dk_client\Client\MinTr.h(360,49): warning C4267: '=': 'size_t'에서 'DWORD'(으)로 변환하면서 데이터가 손실될 수 있습니다.
1>H:\Source\GithubDesktop\dk_client\Client\MinTr.h(358,3): warning C4996: 'sprintf': This function or variable may be unsafe. Consider using sprintf_s instead. To disable deprecation, use _CRT_SECURE_NO_WARNINGS. See online help for details.
1>H:\Source\GithubDesktop\dk_client\Client\MinTr.h(406,2): warning C4996: 'vsprintf': This function or variable may be unsafe. Consider using vsprintf_s instead. To disable deprecation, use _CRT_SECURE_NO_WARNINGS. See online help for details.
1>H:\Source\GithubDesktop\dk_client\Client\MMonsterKillQuestInfo.h(1,1): warning C4819: 현재 코드 페이지(949)에서 표시할 수 없는 문자가 파일에 들어 있습니다. 데이터가 손실되지 않게 하려면 해당 파일을 유니코드 형식으로 저장하십시오.
1>H:\Source\GithubDesktop\dk_client\Client\MQuestInfo.h(1,1): warning C4819: 현재 코드 페이지(949)에서 표시할 수 없는 문자가 파일에 들어 있습니다. 데이터가 손실되지 않게 하려면 해당 파일을 유니코드 형식으로 저장하십시오.
1>H:\Source\GithubDesktop\dk_client\Client\CTypeMap.h(1,1): warning C4819: 현재 코드 페이지(949)에서 표시할 수 없는 문자가 파일에 들어 있습니다. 데이터가 손실되지 않게 하려면 해당 파일을 유니코드 형식으로 저장하십시오.
1>H:\Source\GithubDesktop\dk_client\Client\SpriteLib\CTypePack.h(267,25): warning C4244: '=': 'std::streamoff'에서 'DWORD'(으)로 변환하면서 데이터가 손실될 수 있습니다.
1>H:\Source\GithubDesktop\dk_client\Client\SpriteLib\CTypePack.h(249): message : 클래스 템플릿 멤버 함수 'bool CTypePack<CSpritePal>::SaveToFile(std::ofstream &,std::ofstream &)'을(를) 컴파일하는 중입니다.
1>H:\Source\GithubDesktop\dk_client\Client\SpriteLib\CTypePack.h(181): message : 컴파일되는 함수 템플릿 인스턴스화 'bool CTypePack<CSpritePal>::SaveToFile(std::ofstream &,std::ofstream &)'에 대한 참조를 확인하세요.
1>H:\Source\GithubDesktop\dk_client\Client\EffectResourceContainer.h(75): message : 컴파일되는 클래스 템플릿 인스턴스화 'CTypePack<CSpritePal>'에 대한 참조를 확인하세요.
1>H:\Source\GithubDesktop\dk_client\Client\SpriteLib\CTypePack.h(281,3): warning C4996: 'sprintf': This function or variable may be unsafe. Consider using sprintf_s instead. To disable deprecation, use _CRT_SECURE_NO_WARNINGS. See online help for details.
1>H:\Source\GithubDesktop\dk_client\Client\SpriteLib\CTypePack.h(756,25): warning C4244: '=': 'std::streamoff'에서 'DWORD'(으)로 변환하면서 데이터가 손실될 수 있습니다.
1>H:\Source\GithubDesktop\dk_client\Client\SpriteLib\CTypePack.h(738): message : 클래스 템플릿 멤버 함수 'bool CTypePack2<MPalette,MPalette555,MPalette565>::SaveToFile(std::ofstream &,std::ofstream &)'을(를) 컴파일하는 중입니다.
1>H:\Source\GithubDesktop\dk_client\Client\SpriteLib\CTypePack.h(625): message : 컴파일되는 함수 템플릿 인스턴스화 'bool CTypePack2<MPalette,MPalette555,MPalette565>::SaveToFile(std::ofstream &,std::ofstream &)'에 대한 참조를 확인하세요.
1>H:\Source\GithubDesktop\dk_client\Client\EffectResourceContainer.h(78): message : 컴파일되는 클래스 템플릿 인스턴스화 'CTypePack2<MPalette,MPalette555,MPalette565>'에 대한 참조를 확인하세요.
1>H:\Source\GithubDesktop\dk_client\Client\SpriteLib\CTypePack.h(770,3): warning C4996: 'sprintf': This function or variable may be unsafe. Consider using sprintf_s instead. To disable deprecation, use _CRT_SECURE_NO_WARNINGS. See online help for details.
1>H:\Source\GithubDesktop\dk_client\Client\CTypeMap.h(165,1): warning C4267: '초기화 중': 'size_t'에서 'int'(으)로 변환하면서 데이터가 손실될 수 있습니다.
1>H:\Source\GithubDesktop\dk_client\Client\CTypeMap.h(159): message : 클래스 템플릿 멤버 함수 'void CTypeMap<QUEST_INFO>::SaveToFile(std::ofstream &)'을(를) 컴파일하는 중입니다.
1>H:\Source\GithubDesktop\dk_client\Client\MMonsterKillQuestInfo.h(80): message : 컴파일되는 클래스 템플릿 인스턴스화 'CTypeMap<QUEST_INFO>'에 대한 참조를 확인하세요.
1>H:\Source\GithubDesktop\dk_client\Client\COrderedList.h(61,1): warning C4267: 'return': 'size_t'에서 'int'(으)로 변환하면서 데이터가 손실될 수 있습니다.
1>H:\Source\GithubDesktop\dk_client\Client\COrderedList.h(61): message : 클래스 템플릿 멤버 함수 'int COrderedList<TYPE_SPRITEID>::GetSize(void) const'을(를) 컴파일하는 중입니다.
1>H:\Source\GithubDesktop\dk_client\Client\SpriteLib\CTypePack.h(353): message : 컴파일되는 함수 템플릿 인스턴스화 'int COrderedList<TYPE_SPRITEID>::GetSize(void) const'에 대한 참조를 확인하세요.
1>H:\Source\GithubDesktop\dk_client\Client\SpriteLib\CTypePack.h(351): message : 컴파일되는 클래스 템플릿 인스턴스화 'COrderedList<TYPE_SPRITEID>'에 대한 참조를 확인하세요.
1>H:\Source\GithubDesktop\dk_client\Client\SpriteLib\CTypePack.h(351): message : 클래스 템플릿 멤버 함수 'bool CTypePack<CSpritePal>::ReleasePart(COrderedList<TYPE_SPRITEID>)'을(를) 컴파일하는 중입니다.
1>H:\Source\GithubDesktop\dk_client\Client\SpriteLib\CSetManager.h(57,1): warning C4267: 'return': 'size_t'에서 'SizeType'(으)로 변환하면서 데이터가 손실될 수 있습니다.
1>        with
1>        [
1>            SizeType=TYPE_SPRITEID
1>        ]
1>H:\Source\GithubDesktop\dk_client\Client\SpriteLib\CSetManager.h(57): message : 클래스 템플릿 멤버 함수 'SizeType CSetManager<TYPE_SPRITEID,SizeType>::GetSize(void) const'을(를) 컴파일하는 중입니다.
1>        with
1>        [
1>            SizeType=TYPE_SPRITEID
1>        ]
1>H:\Source\GithubDesktop\dk_client\Client\SpriteLib\CTypePack.h(330): message : 컴파일되는 함수 템플릿 인스턴스화 'SizeType CSetManager<TYPE_SPRITEID,SizeType>::GetSize(void) const'에 대한 참조를 확인하세요.
1>        with
1>        [
1>            SizeType=TYPE_SPRITEID
1>        ]
1>H:\Source\GithubDesktop\dk_client\Client\SpriteLib\CSpriteSetManager.h(32): message : 컴파일되는 클래스 템플릿 인스턴스화 'CSetManager<TYPE_SPRITEID,TYPE_SPRITEID>'에 대한 참조를 확인하세요.
1>코드를 생성하고 있습니다...
1>"VS_UI.vcxproj" 프로젝트를 빌드했습니다. - 실패
========== 빌드: 성공 0, 실패 1, 최신 6, 생략 0 ==========
